Id,rating
444_45,4.0
1041_35,4.0
1784_79,4.0
1548_68,4.0
1025_27,4.0
4354_16,4.0
3577_95,4.0
2061_64,4.0
3618_96,4.0
1235_22,4.0
2619_99,4.0
4828_57,4.0
1061_71,4.0
2392_56,4.0
936_76,4.0
2593_46,4.0
4782_62,4.0
3724_91,4.0
1286_81,4.0
2975_3,4.0
4733_25,4.0
4650_27,4.0
4736_67,4.0
4433_29,4.0
4148_45,4.0
3898_99,4.0
2315_78,4.0
4824_35,4.0
4897_25,4.0
1232_87,4.0
3722_58,4.0
1970_16,4.0
4520_38,4.0
4721_28,4.0
4638_30,4.0
1366_23,4.0
526_46,4.0
2243_67,4.0
3079_73,4.0
1521_45,4.0
2993_6,4.0
4307_51,4.0
3493_63,4.0
1794_96,4.0
3088_14,4.0
3423_4,4.0
4066_46,4.0
2044_99,4.0
225_67,4.0
2498_40,4.0
3665_8,4.0
239_86,4.0
3846_56,4.0
711_81,4.0
2569_41,4.0
2568_82,4.0
4135_14,4.0
7_86,4.0
4093_54,4.0
2733_41,4.0
3853_72,4.0
3792_62,4.0
4628_68,4.0
1229_20,4.0
1085_12,4.0
446_25,4.0
3618_30,4.0
4320_73,4.0
2822_96,4.0
3977_84,4.0
345_94,4.0
3132_29,4.0
1594_10,4.0
138_30,4.0
536_39,4.0
3290_93,4.0
3845_86,4.0
4500_17,4.0
4898_63,4.0
2315_12,4.0
2796_56,4.0
3553_35,4.0
1316_15,4.0
1538_91,4.0
3490_100,4.0
4802_72,4.0
4860_13,4.0
2206_82,4.0
2500_71,4.0
2159_7,4.0
406_63,4.0
2357_22,4.0
3958_97,4.0
1501_37,4.0
441_57,4.0
3520_100,4.0
2854_10,4.0
3900_92,4.0
4672_83,4.0
1912_22,4.0
4212_98,4.0
3775_97,4.0
1818_94,4.0
4020_49,4.0
2201_17,4.0
167_60,4.0
4501_93,4.0
2698_5,4.0
2516_28,4.0
664_48,4.0
4057_52,4.0
2601_72,4.0
415_17,4.0
2930_18,4.0
299_71,4.0
2574_90,4.0
3226_16,4.0
1888_28,4.0
2270_93,4.0
3101_21,4.0
4859_43,4.0
1648_46,4.0
3853_6,4.0
28_79,4.0
3290_14,4.0
1587_49,4.0
3364_84,4.0
3128_73,4.0
2623_86,4.0
1539_8,4.0
4637_64,4.0
1219_3,4.0
458_90,4.0
1754_54,4.0
3808_74,4.0
888_24,4.0
2362_58,4.0
166_39,4.0
318_29,4.0
2998_97,4.0
4808_80,4.0
3291_90,4.0
215_52,4.0
4967_73,4.0
4507_88,4.0
1117_89,4.0
1149_78,4.0
1672_82,4.0
376_91,4.0
4583_83,4.0
3045_64,4.0
4899_60,4.0
6_63,4.0
106_1,4.0
2158_12,4.0
4494_11,4.0
2243_56,4.0
4241_90,4.0
1899_17,4.0
4631_16,4.0
2757_11,4.0
4256_75,4.0
1061_86,4.0
4853_65,4.0
1_69,4.0
3199_100,4.0
3796_90,4.0
4444_45,4.0
2771_67,4.0
2628_18,4.0
3527_50,4.0
3284_63,4.0
2326_67,4.0
2997_6,4.0
1_82,4.0
2993_8,4.0
4770_43,4.0
1912_90,4.0
253_10,4.0
51_24,4.0
4982_84,4.0
4327_89,4.0
2326_80,4.0
2964_71,4.0
746_64,4.0
2738_24,4.0
3196_84,4.0
899_13,4.0
4591_54,4.0
4489_43,4.0
320_77,4.0
4827_38,4.0
657_76,4.0
872_1,4.0
2770_97,4.0
4762_57,4.0
2869_76,4.0
3804_61,4.0
4822_44,4.0
4299_3,4.0
4882_95,4.0
4560_44,4.0
3480_85,4.0
1361_57,4.0
2774_44,4.0
4188_64,4.0
858_79,4.0
555_78,4.0
4223_21,4.0
3510_85,4.0
1631_2,4.0
953_87,4.0
3242_41,4.0
1029_82,4.0
4655_65,4.0
250_88,4.0
1499_4,4.0
888_79,4.0
1217_25,4.0
4488_9,4.0
2528_1,4.0
4886_55,4.0
395_38,4.0
656_79,4.0
312_40,4.0
353_41,4.0
1527_79,4.0
608_38,4.0
1917_5,4.0
365_51,4.0
1_3,4.0
4610_12,4.0
4169_40,4.0
4967_20,4.0
2570_11,4.0
1787_16,4.0
1748_24,4.0
4598_15,4.0
4166_92,4.0
2817_9,4.0
2935_1,4.0
2484_65,4.0
2461_81,4.0
1979_78,4.0
4916_31,4.0
4816_93,4.0
1775_19,4.0
498_4,4.0
2710_4,4.0
4020_51,4.0
4381_30,4.0
4284_97,4.0
1290_98,4.0
2988_69,4.0
3136_4,4.0
4797_93,4.0
3377_66,4.0
644_71,4.0
676_60,4.0
1560_43,4.0
2654_85,4.0
637_68,4.0
4327_36,4.0
4161_3,4.0
4422_44,4.0
3844_67,4.0
1469_46,4.0
2823_15,4.0
266_17,4.0
858_13,4.0
2055_35,4.0
3290_16,4.0
3851_83,4.0
336_89,4.0
1249_56,4.0
4045_70,4.0
710_7,4.0
2244_55,4.0
2247_97,4.0
1388_70,4.0
523_36,4.0
724_26,4.0
583_87,4.0
3836_17,4.0
2955_39,4.0
4512_71,4.0
4586_20,4.0
3248_32,4.0
3748_89,4.0
97_49,4.0
4724_75,4.0
99_95,4.0
4479_15,4.0
3942_76,4.0
1325_27,4.0
1765_70,4.0
3463_41,4.0
1006_18,4.0
4555_10,4.0
2218_52,4.0
210_47,4.0
3935_36,4.0
4854_77,4.0
1339_83,4.0
3972_76,4.0
656_26,4.0
2695_61,4.0
2290_12,4.0
1577_76,4.0
1274_75,4.0
4501_16,4.0
3849_90,4.0
2324_10,4.0
1570_73,4.0
1299_24,4.0
3935_49,4.0
4733_29,4.0
1866_71,4.0
4474_34,4.0
244_58,4.0
1584_92,4.0
2414_61,4.0
2574_13,4.0
3231_54,4.0
1794_87,4.0
355_47,4.0
3192_62,4.0
4909_83,4.0
3326_62,4.0
1970_20,4.0
1755_95,4.0
2578_24,4.0
327_69,4.0
602_45,4.0
1699_92,4.0
2382_85,4.0
2079_84,4.0
4952_22,4.0
1137_59,4.0
2372_77,4.0
3275_73,4.0
4647_96,4.0
2291_88,4.0
2285_44,4.0
829_64,4.0
3753_4,4.0
3242_17,4.0
2319_42,4.0
3439_73,4.0
1597_57,4.0
4089_74,4.0
4165_69,4.0
1909_36,4.0
2642_35,4.0
2224_47,4.0
449_21,4.0
963_13,4.0
4355_58,4.0
764_69,4.0
4373_75,4.0
3017_33,4.0
326_72,4.0
2136_55,4.0
1874_55,4.0
4590_46,4.0
555_80,4.0
76_45,4.0
2853_46,4.0
2089_64,4.0
449_34,4.0
4875_70,4.0
2082_61,4.0
4657_76,4.0
2420_56,4.0
738_29,4.0
1491_7,4.0
4143_13,4.0
4289_67,4.0
2227_11,4.0
4819_3,4.0
3257_41,4.0
3739_44,4.0
105_99,4.0
1123_82,4.0
3891_34,4.0
251_45,4.0
2047_93,4.0
691_51,4.0
1406_33,4.0
4661_73,4.0
2484_67,4.0
4041_99,4.0
3636_50,4.0
1385_95,4.0
2518_65,4.0
3013_7,4.0
602_100,4.0
2250_21,4.0
4531_84,4.0
899_57,4.0
3108_15,4.0
4624_46,4.0
2368_13,4.0
3810_58,4.0
4103_51,4.0
2268_11,4.0
2724_25,4.0
1858_32,4.0
4695_47,4.0
2081_40,4.0
4551_39,4.0
1241_63,4.0
2636_33,4.0
1736_42,4.0
2897_74,4.0
3568_13,4.0
1854_34,4.0
2277_100,4.0
4984_42,4.0
1916_94,4.0
2513_84,4.0
56_24,4.0
1687_42,4.0
3726_77,4.0
3270_63,4.0
4665_33,4.0
4977_39,4.0
4163_51,4.0
49_21,4.0
3323_74,4.0
2818_23,4.0
3852_14,4.0
146_75,4.0
4031_16,4.0
44_27,4.0
541_79,4.0
238_78,4.0
2839_82,4.0
1872_64,4.0
631_9,4.0
2830_33,4.0
1964_3,4.0
2320_52,4.0
4995_42,4.0
3558_75,4.0
522_79,4.0
3896_70,4.0
4930_61,4.0
3433_80,4.0
1802_62,4.0
4423_1,4.0
4132_17,4.0
4428_79,4.0
2529_54,4.0
435_46,4.0
3530_97,4.0
495_97,4.0
1508_2,4.0
1293_77,4.0
2669_34,4.0
2908_50,4.0
3623_32,4.0
510_82,4.0
1066_34,4.0
2186_65,4.0
3935_38,4.0
4062_79,4.0
2042_57,4.0
1582_72,4.0
1323_77,4.0
4886_4,4.0
2456_47,4.0
1019_80,4.0
4150_84,4.0
4585_12,4.0
2528_71,4.0
3266_37,4.0
4418_20,4.0
4921_82,4.0
1968_84,4.0
1486_81,4.0
1288_96,4.0
4094_44,4.0
4193_23,4.0
3238_59,4.0
101_11,4.0
2382_74,4.0
3796_94,4.0
4772_80,4.0
954_48,4.0
1771_78,4.0
1449_27,4.0
3402_59,4.0
669_64,4.0
2546_74,4.0
4464_85,4.0
3018_69,4.0
679_1,4.0
2236_33,4.0
4732_21,4.0
1137_61,4.0
4973_83,4.0
2971_78,4.0
970_69,4.0
1905_54,4.0
810_53,4.0
3561_65,4.0
1467_57,4.0
3758_57,4.0
3777_70,4.0
2758_91,4.0
1925_90,4.0
1737_39,4.0
4070_63,4.0
1453_51,4.0
553_23,4.0
1312_11,4.0
775_72,4.0
4727_40,4.0
577_87,4.0
169_33,4.0
1330_65,4.0
4341_4,4.0
1247_67,4.0
736_80,4.0
2645_42,4.0
148_95,4.0
132_87,4.0
4521_56,4.0
90_90,4.0
1039_10,4.0
3968_28,4.0
437_90,4.0
4466_12,4.0
2473_56,4.0
4768_54,4.0
2390_58,4.0
4005_68,4.0
4445_74,4.0
372_82,4.0
1624_3,4.0
3764_90,4.0
751_78,4.0
2702_37,4.0
2577_42,4.0
3234_46,4.0
2015_9,4.0
2732_64,4.0
737_35,4.0
4823_3,4.0
855_27,4.0
1292_28,4.0
1020_94,4.0
235_53,4.0
3146_54,4.0
1112_97,4.0
4324_26,4.0
848_24,4.0
1508_70,4.0
1246_33,4.0
2357_15,4.0
4115_37,4.0
3182_98,4.0
1794_23,4.0
1838_66,4.0
3868_52,4.0
277_63,4.0
4982_9,4.0
1787_20,4.0
2368_2,4.0
1757_77,4.0
4145_37,4.0
2606_59,4.0
4179_35,4.0
3259_65,4.0
989_97,4.0
4612_38,4.0
2155_15,4.0
3189_6,4.0
4672_89,4.0
3932_50,4.0
2451_13,4.0
1317_47,4.0
292_61,4.0
75_63,4.0
1511_34,4.0
4684_35,4.0
451_54,4.0
473_72,4.0
748_48,4.0
10_82,4.0
4660_92,4.0
530_54,4.0
3295_1,4.0
3180_14,4.0
2321_24,4.0
4139_97,4.0
3316_60,4.0
3172_15,4.0
34_8,4.0
2830_22,4.0
1696_93,4.0
2513_86,4.0
4901_46,4.0
1310_57,4.0
3564_17,4.0
3241_7,4.0
3279_33,4.0
3103_73,4.0
1733_96,4.0
2027_48,4.0
4759_47,4.0
3443_77,4.0
4551_54,4.0
1340_57,4.0
522_68,4.0
117_19,4.0
736_27,4.0
1333_17,4.0
735_68,4.0
1010_7,4.0
3135_82,4.0
2727_28,4.0
3563_34,4.0
1546_17,4.0
3785_83,4.0
1966_51,4.0
2742_43,4.0
3600_74,4.0
3137_47,4.0
1299_2,4.0
881_14,4.0
2524_49,4.0
523_40,4.0
3736_83,4.0
2036_2,4.0
2871_49,4.0
4486_22,4.0
476_86,4.0
4402_65,4.0
4925_69,4.0
4562_17,4.0
71_37,4.0
3211_90,4.0
1790_67,4.0
4555_14,4.0
1184_28,4.0
2116_8,4.0
809_87,4.0
4231_38,4.0
640_49,4.0
2935_47,4.0
4013_81,4.0
3773_99,4.0
1651_29,4.0
1535_83,4.0
4386_33,4.0
272_40,4.0
3004_2,4.0
406_3,4.0
2470_68,4.0
973_87,4.0
1988_65,4.0
1947_27,4.0
2010_83,4.0
2546_63,4.0
4075_33,4.0
1100_47,4.0
2875_9,4.0
3356_53,4.0
2731_1,4.0
4830_87,4.0
2414_65,4.0
2394_86,4.0
4166_43,4.0
4647_87,4.0
1988_78,4.0
2652_58,4.0
2786_58,4.0
3402_61,4.0
3999_51,4.0
348_11,4.0
711_63,4.0
2744_61,4.0
4781_23,4.0
4337_46,4.0
2268_68,4.0
1879_27,4.0
126_83,4.0
2562_20,4.0
3040_59,4.0
4894_85,4.0
3777_59,4.0
1016_2,4.0
1819_97,4.0
4367_46,4.0
4484_42,4.0
3003_5,4.0
446_7,4.0
3605_73,4.0
2140_44,4.0
2038_33,4.0
949_69,4.0
623_84,4.0
2931_21,4.0
3633_64,4.0
756_61,4.0
2936_72,4.0
252_33,4.0
2151_31,4.0
3350_89,4.0
2550_36,4.0
4503_68,4.0
3744_16,4.0
2045_49,4.0
2205_38,4.0
2309_95,4.0
330_74,4.0
1027_2,4.0
2436_55,4.0
2857_85,4.0
735_15,4.0
1915_60,4.0
2716_45,4.0
4507_15,4.0
3491_78,4.0
1333_85,4.0
2204_55,4.0
2061_6,4.0
2019_9,4.0
2702_39,4.0
1642_22,4.0
3317_46,4.0
304_34,4.0
4220_79,4.0
1198_18,4.0
1533_8,4.0
2276_52,4.0
383_34,4.0
1376_24,4.0
2017_57,4.0
580_90,4.0
915_80,4.0
1994_73,4.0
4363_20,4.0
3347_46,4.0
4439_15,4.0
4425_80,4.0
2606_48,4.0
3120_40,4.0
4534_23,4.0
2003_14,4.0
387_45,4.0
4339_13,4.0
4102_100,4.0
186_55,4.0
3282_38,4.0
3562_92,4.0
1616_19,4.0
4136_98,4.0
182_57,4.0
4749_32,4.0
561_53,4.0
982_83,4.0
3284_3,4.0
1799_76,4.0
216_55,4.0
2951_59,4.0
4071_90,4.0
292_50,4.0
4029_93,4.0
1428_25,4.0
607_61,4.0
390_63,4.0
2759_10,4.0
2978_54,4.0
667_48,4.0
4813_30,4.0
584_50,4.0
1116_59,4.0
357_7,4.0
752_48,4.0
350_4,4.0
2724_29,4.0
3658_55,4.0
3556_7,4.0
204_71,4.0
1162_3,4.0
1703_98,4.0
2217_90,4.0
2973_73,4.0
3570_63,4.0
4764_43,4.0
4286_4,4.0
796_67,4.0
3649_63,4.0
1849_44,4.0
2288_91,4.0
2725_92,4.0
4634_54,4.0
3834_1,4.0
3022_86,4.0
3635_20,4.0
164_96,4.0
4308_5,4.0
1550_17,4.0
3972_56,4.0
675_19,4.0
298_32,4.0
3586_20,4.0
316_86,4.0
2225_48,4.0
217_80,4.0
4424_72,4.0
992_76,4.0
4720_70,4.0
187_93,4.0
420_35,4.0
1700_55,4.0
3914_91,4.0
3931_31,4.0
904_84,4.0
2695_54,4.0
205_83,4.0
3291_85,4.0
834_25,4.0
316_99,4.0
2248_8,4.0
4125_18,4.0
1172_20,4.0
2110_74,4.0
3463_47,4.0
3715_39,4.0
4282_86,4.0
4273_37,4.0
4997_68,4.0
4157_91,4.0
1_64,4.0
4696_76,4.0
1993_24,4.0
3011_44,4.0
994_27,4.0
2028_18,4.0
4124_35,4.0
552_59,4.0
4679_28,4.0
4302_41,4.0
1688_34,4.0
2102_88,4.0
2875_11,4.0
436_5,4.0
1380_39,4.0
4172_89,4.0
1255_44,4.0
4721_38,4.0
577_65,4.0
2946_12,4.0
190_70,4.0
2504_81,4.0
3899_51,4.0
2641_86,4.0
2038_22,4.0
1243_47,4.0
2979_81,4.0
3355_72,4.0
4332_54,4.0
2931_10,4.0
3173_68,4.0
4586_55,4.0
3207_66,4.0
928_12,4.0
528_78,4.0
4058_57,4.0
837_15,4.0
377_30,4.0
3329_32,4.0
3683_8,4.0
3838_67,4.0
3755_32,4.0
3500_8,4.0
29_84,4.0
3496_37,4.0
1957_59,4.0
1258_21,4.0
3195_82,4.0
523_97,4.0
2515_57,4.0
481_100,4.0
654_28,4.0
3491_80,4.0
4203_20,4.0
3315_83,4.0
2709_44,4.0
2070_57,4.0
3002_37,4.0
209_28,4.0
4576_9,4.0
700_36,4.0
524_39,4.0
1517_29,4.0
3393_43,4.0
3718_99,4.0
2572_52,4.0
4203_33,4.0
1617_88,4.0
4710_66,4.0
992_36,4.0
4985_5,4.0
2711_66,4.0
4166_87,4.0
589_33,4.0
3601_49,4.0
868_91,4.0
79_52,4.0
2176_65,4.0
4968_78,4.0
1991_19,4.0
494_1,4.0
295_57,4.0
4240_49,4.0
4702_80,4.0
3342_67,4.0
172_71,4.0
3721_100,4.0
1861_30,4.0
4089_1,4.0
2460_66,4.0
2071_25,4.0
4355_93,4.0
1935_100,4.0
2245_33,4.0
3043_13,4.0
849_67,4.0
646_4,4.0
1041_8,4.0
3003_62,4.0
364_25,4.0
1138_62,4.0
1895_41,4.0
3873_66,4.0
3028_11,4.0
2557_96,4.0
2966_35,4.0
1073_54,4.0
569_26,4.0
51_100,4.0
2330_90,4.0
1807_49,4.0
4759_51,4.0
48_31,4.0
4197_55,4.0
331_90,4.0
941_19,4.0
2240_52,4.0
4292_63,4.0
1601_65,4.0
902_64,4.0
3551_28,4.0
1552_65,4.0
2350_45,4.0
2510_34,4.0
677_67,4.0
1006_13,4.0
3540_27,4.0
3676_36,4.0
4870_16,4.0
2776_45,4.0
2549_2,4.0
2609_53,4.0
3949_87,4.0
4530_69,4.0
1431_17,4.0
2886_38,4.0
3023_43,4.0
1989_15,4.0
3840_36,4.0
3926_76,4.0
992_91,4.0
4915_1,4.0
3800_85,4.0
283_45,4.0
589_88,4.0
1623_79,4.0
4675_19,4.0
943_91,4.0
547_91,4.0
1093_35,4.0
3097_49,4.0
339_61,4.0
4529_86,4.0
929_48,4.0
2324_18,4.0
1947_31,4.0
4228_94,4.0
89_7,4.0
746_48,4.0
3000_8,4.0
88_48,4.0
1699_87,4.0
1995_85,4.0
3767_42,4.0
1516_87,4.0
4804_38,4.0
3071_9,4.0
4443_32,4.0
169_13,4.0
2927_1,4.0
3647_61,4.0
567_59,4.0
2163_19,4.0
1282_41,4.0
726_52,4.0
3918_66,4.0
3057_3,4.0
4374_53,4.0
2455_83,4.0
2353_35,4.0
2251_24,4.0
4063_53,4.0
3089_76,4.0
3249_65,4.0
2349_37,4.0
2913_79,4.0
2087_37,4.0
2725_28,4.0
590_19,4.0
1224_49,4.0
2478_43,4.0
3161_73,4.0
3202_74,4.0
3014_23,4.0
2637_36,4.0
2145_99,4.0
2059_96,4.0
2857_76,4.0
763_68,4.0
2554_38,4.0
3297_82,4.0
4095_62,4.0
1015_60,4.0
1534_66,4.0
1126_12,4.0
4426_54,4.0
4021_5,4.0
4719_47,4.0
3077_92,4.0
4849_49,4.0
802_9,4.0
3815_21,4.0
4211_21,4.0
243_45,4.0
3699_75,4.0
4370_14,4.0
2859_98,4.0
3431_31,4.0
3315_85,4.0
4120_24,4.0
4090_81,4.0
3727_29,4.0
1170_31,4.0
2699_1,4.0
1105_87,4.0
2481_44,4.0
4013_19,4.0
1082_76,4.0
1123_77,4.0
2840_98,4.0
360_54,4.0
3271_55,4.0
1611_16,4.0
2166_9,4.0
1352_21,4.0
2692_55,4.0
4879_25,4.0
4999_63,4.0
1864_88,4.0
1044_26,4.0
2592_9,4.0
3316_40,4.0
1200_44,4.0
3495_42,4.0
4656_74,4.0
4987_93,4.0
4346_33,4.0
2462_20,4.0
4903_72,4.0
3279_13,4.0
2360_9,4.0
2363_14,4.0
2263_76,4.0
1960_38,4.0
4797_90,4.0
2298_33,4.0
1365_94,4.0
3652_2,4.0
3610_5,4.0
1065_98,4.0
1317_53,4.0
2610_12,4.0
4272_97,4.0
190_19,4.0
4922_98,4.0
3364_70,4.0
2087_92,4.0
1784_54,4.0
4056_68,4.0
2020_38,4.0
1340_50,4.0
440_22,4.0
4135_68,4.0
599_15,4.0
3672_78,4.0
241_78,4.0
3133_29,4.0
1154_8,4.0
636_82,4.0
3848_11,4.0
3049_72,4.0
3068_85,4.0
4725_55,4.0
3952_68,4.0
3544_14,4.0
76_95,4.0
4979_56,4.0
2186_47,4.0
3702_78,4.0
3674_16,4.0
4458_61,4.0
3632_19,4.0
2281_55,4.0
4535_52,4.0
120_30,4.0
276_18,4.0
2535_93,4.0
3815_76,4.0
2829_45,4.0
821_77,4.0
1890_62,4.0
4259_9,4.0
1285_73,4.0
1519_11,4.0
4994_54,4.0
302_47,4.0
828_93,4.0
2440_61,4.0
4809_8,4.0
1438_22,4.0
3011_35,4.0
4585_7,4.0
297_90,4.0
2886_40,4.0
3495_84,4.0
489_31,4.0
4261_31,4.0
4002_36,4.0
1866_68,4.0
1780_28,4.0
1026_91,4.0
3858_28,4.0
2833_5,4.0
3502_100,4.0
438_42,4.0
2174_76,4.0
4281_23,4.0
3307_46,4.0
1970_17,4.0
4168_82,4.0
3782_46,4.0
2285_28,4.0
3784_92,4.0
225_55,4.0
299_4,4.0
3700_98,4.0
1840_28,4.0
2280_71,4.0
3170_54,4.0
1590_38,4.0
2636_83,4.0
4762_43,4.0
114_79,4.0
1435_100,4.0
1113_49,4.0
1825_26,4.0
414_48,4.0
2444_34,4.0
1849_90,4.0
2439_77,4.0
2962_81,4.0
1478_39,4.0
3651_74,4.0
3783_1,4.0
51_36,4.0
4088_48,4.0
3107_68,4.0
1543_60,4.0
3475_6,4.0
145_21,4.0
4176_53,4.0
604_77,4.0
4590_43,4.0
2413_37,4.0
897_6,4.0
1034_11,4.0
4423_51,4.0
1892_42,4.0
194_34,4.0
3523_23,4.0
937_78,4.0
1052_65,4.0
4803_43,4.0
3104_39,4.0
2405_38,4.0
430_18,4.0
550_83,4.0
1307_62,4.0
1221_22,4.0
1242_81,4.0
1804_50,4.0
3118_95,4.0
1635_12,4.0
2799_49,4.0
2789_41,4.0
117_93,4.0
3472_34,4.0
4028_23,4.0
1492_84,4.0
1306_79,4.0
4619_60,4.0
3623_95,4.0
3636_34,4.0
2474_6,4.0
1982_69,4.0
3754_26,4.0
1558_7,4.0
3893_40,4.0
3902_45,4.0
994_86,4.0
168_7,4.0
3624_37,4.0
4763_81,4.0
4138_29,4.0
4941_87,4.0
2107_77,4.0
2819_54,4.0
3374_47,4.0
600_51,4.0
2972_3,4.0
919_33,4.0
542_46,4.0
4008_40,4.0
292_56,4.0
2169_29,4.0
4323_51,4.0
1907_29,4.0
2705_9,4.0
4623_20,4.0
2985_63,4.0
1532_88,4.0
926_49,4.0
2247_70,4.0
144_13,4.0
4570_49,4.0
1557_37,4.0
2355_17,4.0
3469_4,4.0
2615_92,4.0
37_8,4.0
3154_77,4.0
652_52,4.0
872_55,4.0
3489_67,4.0
1807_40,4.0
4424_52,4.0
2904_87,4.0
2543_81,4.0
4953_29,4.0
743_62,4.0
4232_3,4.0
701_65,4.0
3538_80,4.0
1738_61,4.0
3371_88,4.0
2471_97,4.0
1807_53,4.0
409_14,4.0
1006_4,4.0
2885_87,4.0
6_38,4.0
1360_7,4.0
159_24,4.0
2156_62,4.0
3637_72,4.0
1617_13,4.0
4872_53,4.0
1135_10,4.0
1575_53,4.0
1399_56,4.0
2130_46,4.0
96_89,4.0
738_81,4.0
3993_84,4.0
971_23,4.0
4606_55,4.0
2445_57,4.0
4437_17,4.0
3361_29,4.0
2965_29,4.0
2116_3,4.0
4455_7,4.0
3078_91,4.0
3458_83,4.0
1383_88,4.0
1584_78,4.0
4712_77,4.0
2456_44,4.0
362_36,4.0
2592_53,4.0
718_85,4.0
2886_42,4.0
709_36,4.0
3687_27,4.0
4203_92,4.0
1206_24,4.0
4240_95,4.0
3481_43,4.0
850_96,4.0
2495_12,4.0
142_46,4.0
3375_61,4.0
2574_12,4.0
1440_83,4.0
1692_38,4.0
1593_32,4.0
2460_4,4.0
4633_39,4.0
1798_33,4.0
4415_45,4.0
1701_100,4.0
3013_72,4.0
169_17,4.0
475_60,4.0
2844_7,4.0
1231_43,4.0
3522_70,4.0
1125_61,4.0
4655_40,4.0
525_2,4.0
62_12,4.0
1361_45,4.0
2959_78,4.0
939_56,4.0
4070_60,4.0
1143_51,4.0
2251_28,4.0
4995_81,4.0
2457_96,4.0
421_66,4.0
3667_57,4.0
3708_58,4.0
351_7,4.0
2531_18,4.0
3133_86,4.0
3845_63,4.0
3542_25,4.0
1575_95,4.0
3848_68,4.0
4445_58,4.0
2922_24,4.0
1223_57,4.0
208_79,4.0
2618_27,4.0
4731_48,4.0
648_85,4.0
3454_70,4.0
4312_64,4.0
99_28,4.0
3447_30,4.0
3211_19,4.0
580_72,4.0
654_21,4.0
4979_5,4.0
529_26,4.0
1253_57,4.0
3586_81,4.0
50_28,4.0
1492_73,4.0
1626_73,4.0
1214_65,4.0
1403_1,4.0
2903_24,4.0
3486_79,4.0
2519_61,4.0
4597_61,4.0
3977_87,4.0
2158_55,4.0
427_99,4.0
4453_16,4.0
788_78,4.0
4530_7,4.0
1491_6,4.0
3032_30,4.0
2091_1,4.0
2393_43,4.0
3766_25,4.0
4148_90,4.0
825_37,4.0
3602_38,4.0
4180_15,4.0
4319_93,4.0
4138_18,4.0
4955_11,4.0
2282_67,4.0
4016_28,4.0
466_40,4.0
4874_59,4.0
1720_71,4.0
1197_30,4.0
2476_54,4.0
2030_4,4.0
794_27,4.0
1033_43,4.0
614_96,4.0
1387_19,4.0
2306_23,4.0
3728_96,4.0
1185_33,4.0
607_56,4.0
4941_89,4.0
4462_91,4.0
1104_44,4.0
3913_34,4.0
1081_97,4.0
3057_49,4.0
2230_11,4.0
232_7,4.0
2353_81,4.0
4323_53,4.0
570_2,4.0
33_63,4.0
3036_3,4.0
4579_100,4.0
4216_48,4.0
2157_34,4.0
1518_47,4.0
4993_90,4.0
2890_70,4.0
4588_41,4.0
997_52,4.0
4565_94,4.0
2649_92,4.0
3010_71,4.0
2129_93,4.0
632_75,4.0
1242_4,4.0
3339_17,4.0
2728_92,4.0
449_75,4.0
4315_3,4.0
3535_77,4.0
1119_55,4.0
4914_39,4.0
1196_9,4.0
4630_51,4.0
717_11,4.0
2475_33,4.0
3787_5,4.0
4766_60,4.0
677_60,4.0
4300_1,4.0
2767_97,4.0
4699_6,4.0
3243_26,4.0
4437_6,4.0
6_40,4.0
1327_61,4.0
513_73,4.0
219_40,4.0
1163_74,4.0
4492_63,4.0
1061_63,4.0
4610_55,4.0
422_76,4.0
2915_89,4.0
3426_39,4.0
1459_72,4.0
2047_13,4.0
4206_86,4.0
3305_99,4.0
4062_78,4.0
1302_17,4.0
1857_10,4.0
4589_9,4.0
4330_14,4.0
3416_88,4.0
2315_70,4.0
2491_3,4.0
3767_22,4.0
980_87,4.0
1695_69,4.0
3527_40,4.0
3485_43,4.0
3980_22,4.0
771_98,4.0
1688_29,4.0
1090_80,4.0
1544_21,4.0
892_95,4.0
4078_35,4.0
2025_65,4.0
4193_22,4.0
1084_36,4.0
748_87,4.0
4473_76,4.0
4399_90,4.0
560_36,4.0
3659_51,4.0
1766_70,4.0
4099_94,4.0
2698_50,4.0
403_52,4.0
3795_97,4.0
1935_27,4.0
3316_99,4.0
3770_40,4.0
3233_64,4.0
4568_20,4.0
3249_45,4.0
4644_15,4.0
2891_71,4.0
989_41,4.0
2370_76,4.0
1846_76,4.0
3321_69,4.0
46_57,4.0
4862_93,4.0
4380_90,4.0
2143_33,4.0
324_1,4.0
3151_8,4.0
3457_51,4.0
4248_55,4.0
4931_85,4.0
798_42,4.0
1851_46,4.0
1972_43,4.0
1930_46,4.0
248_19,4.0
946_61,4.0
1106_50,4.0
1326_53,4.0
525_4,4.0
543_58,4.0
3320_59,4.0
1698_46,4.0
4986_34,4.0
1992_35,4.0
2767_31,4.0
3188_24,4.0
3408_64,4.0
3031_77,4.0
1492_62,4.0
793_61,4.0
3484_22,4.0
611_84,4.0
3618_22,4.0
247_73,4.0
2105_33,4.0
2702_23,4.0
728_80,4.0
3538_29,4.0
2739_90,4.0
122_41,4.0
1402_61,4.0
4932_40,4.0
2838_32,4.0
4629_2,4.0
4252_15,4.0
3153_80,4.0
2380_93,4.0
1334_11,4.0
599_87,4.0
557_90,4.0
2530_37,4.0
4120_17,4.0
1313_73,4.0
4502_55,4.0
374_90,4.0
2743_37,4.0
4138_7,4.0
1961_1,4.0
3553_27,4.0
724_95,4.0
2308_1,4.0
286_98,4.0
2655_45,4.0
404_90,4.0
593_26,4.0
4071_74,4.0
4145_23,4.0
4305_12,4.0
4499_26,4.0
984_32,4.0
1303_14,4.0
2296_4,4.0
223_55,4.0
79_47,4.0
2333_7,4.0
3453_38,4.0
1891_76,4.0
2574_69,4.0
451_40,4.0
1048_30,4.0
910_96,4.0
2226_2,4.0
3907_100,4.0
1983_15,4.0
1009_38,4.0
1785_30,4.0
3383_100,4.0
2979_10,4.0
884_43,4.0
3096_6,4.0
3913_36,4.0
2416_18,4.0
778_61,4.0
4260_80,4.0
2492_13,4.0
3672_58,4.0
3908_42,4.0
4463_35,4.0
2608_80,4.0
2726_72,4.0
1941_31,4.0
2224_90,4.0
4031_4,4.0
1381_44,4.0
3855_44,4.0
2124_88,4.0
4986_89,4.0
2429_91,4.0
2193_80,4.0
2432_96,4.0
814_54,4.0
3367_81,4.0
2425_93,4.0
3632_12,4.0
3139_79,4.0
3331_20,4.0
659_72,4.0
1834_2,4.0
4074_64,4.0
4428_67,4.0
1897_58,4.0
1434_68,4.0
2554_99,4.0
3218_79,4.0
3921_7,4.0
4530_51,4.0
2822_35,4.0
3542_95,4.0
1066_22,4.0
3380_33,4.0
1401_12,4.0
568_11,4.0
2827_86,4.0
2785_89,4.0
1697_10,4.0
3500_71,4.0
1135_14,4.0
4946_6,4.0
904_81,4.0
4629_70,4.0
2197_40,4.0
2794_30,4.0
4571_65,4.0
1450_25,4.0
2174_56,4.0
971_27,4.0
73_45,4.0
2607_59,4.0
4222_69,4.0
727_17,4.0
3800_80,4.0
2641_57,4.0
3976_13,4.0
202_51,4.0
3113_52,4.0
1380_23,4.0
2970_3,4.0
760_86,4.0
1236_15,4.0
195_48,4.0
2972_49,4.0
1273_82,4.0
3728_32,4.0
2071_62,4.0
2847_54,4.0
4145_91,4.0
190_54,4.0
4757_66,4.0
1840_21,4.0
2877_54,4.0
1146_98,4.0
4869_14,4.0
1076_39,4.0
3747_58,4.0
4503_41,4.0
4359_33,4.0
4519_22,4.0
2807_79,4.0
4524_100,4.0
1428_90,4.0
4119_51,4.0
3180_68,4.0
1182_34,4.0
1261_98,4.0
4910_28,4.0
900_55,4.0
2094_35,4.0
2636_89,4.0
495_6,4.0
3855_99,4.0
51_29,4.0
3070_58,4.0
4225_46,4.0
3366_56,4.0
1432_37,4.0
1904_32,4.0
1747_48,4.0
3519_5,4.0
2605_79,4.0
4019_62,4.0
3748_13,4.0
2598_76,4.0
724_71,4.0
3052_17,4.0
3019_69,4.0
2212_40,4.0
2431_84,4.0
1333_71,4.0
4160_78,4.0
1086_56,4.0
1325_72,4.0
464_9,4.0
2043_59,4.0
2901_90,4.0
4912_63,4.0
3417_91,4.0
1195_83,4.0
3590_19,4.0
3232_82,4.0
3840_86,4.0
1961_3,4.0
4159_68,4.0
4830_7,4.0
3597_35,4.0
4309_12,4.0
2192_57,4.0
3453_27,4.0
276_92,4.0
1630_24,4.0
535_23,4.0
2010_16,4.0
1674_67,4.0
4645_82,4.0
2187_63,4.0
4386_87,4.0
1287_35,4.0
2567_55,4.0
514_85,4.0
1593_78,4.0
868_88,4.0
1482_18,4.0
2199_73,4.0
1803_73,4.0
1200_39,4.0
2696_61,4.0
4390_98,4.0
155_44,4.0
1234_37,4.0
2354_68,4.0
4869_69,4.0
1907_22,4.0
933_45,4.0
630_44,4.0
1564_33,4.0
2106_87,4.0
3441_43,4.0
2059_12,4.0
2081_30,4.0
2314_9,4.0
4327_28,4.0
3446_13,4.0
378_65,4.0
2066_28,4.0
1051_50,4.0
3128_54,4.0
2959_16,4.0
4442_99,4.0
1407_99,4.0
4803_78,4.0
3239_70,4.0
3399_59,4.0
2862_83,4.0
331_74,4.0
229_63,4.0
4436_55,4.0
1483_94,4.0
886_67,4.0
1441_97,4.0
3353_64,4.0
2351_25,4.0
4348_63,4.0
2510_18,4.0
1092_64,4.0
696_64,4.0
3662_1,4.0
453_77,4.0
4299_63,4.0
3935_15,4.0
3759_55,4.0
4356_45,4.0
2818_26,4.0
3255_27,4.0
1119_59,4.0
3794_12,4.0
497_12,4.0
20_87,4.0
918_5,4.0
3190_19,4.0
1376_65,4.0
300_77,4.0
4562_5,4.0
2413_98,4.0
3821_7,4.0
1190_60,4.0
712_21,4.0
1223_8,4.0
3361_22,4.0
133_85,4.0
2447_96,4.0
1165_3,4.0
2019_63,4.0
4553_77,4.0
3909_12,4.0
2516_51,4.0
496_29,4.0
656_18,4.0
2810_40,4.0
3694_23,4.0
2290_4,4.0
4705_67,4.0
3134_100,4.0
3368_38,4.0
1315_68,4.0
2528_61,4.0
272_28,4.0
2324_2,4.0
3520_28,4.0
429_96,4.0
1817_63,4.0
4916_78,4.0
2111_15,4.0
4612_81,4.0
1054_40,4.0
3173_41,4.0
1098_83,4.0
4165_35,4.0
4941_27,4.0
4360_18,4.0
2661_14,4.0
4304_86,4.0
3941_34,4.0
4001_85,4.0
947_35,4.0
4633_32,4.0
1620_20,4.0
3633_39,4.0
3247_3,4.0
4167_94,4.0
2849_78,4.0
3397_68,4.0
2758_81,4.0
20_8,4.0
2931_9,4.0
2279_83,4.0
3096_76,4.0
2256_99,4.0
4966_46,4.0
2843_17,4.0
4502_33,4.0
2105_24,4.0
1099_14,4.0
166_75,4.0
4_13,4.0
3632_69,4.0
3310_18,4.0
3019_71,4.0
203_78,4.0
3169_15,4.0
4382_8,4.0
3104_34,4.0
4224_65,4.0
4738_57,4.0
1221_17,4.0
2468_89,4.0
4419_11,4.0
1325_74,4.0
2503_46,4.0
846_76,4.0
1047_66,4.0
2241_46,4.0
3636_16,4.0
568_68,4.0
3176_31,4.0
2694_28,4.0
2100_43,4.0
536_35,4.0
3648_26,4.0
4768_57,4.0
3417_93,4.0
3551_93,4.0
1190_7,4.0
15_40,4.0
1952_64,4.0
4407_14,4.0
3347_34,4.0
4467_65,4.0
848_14,4.0
295_30,4.0
2408_51,4.0
751_81,4.0
630_20,4.0
725_28,4.0
744_41,4.0
3699_85,4.0
1178_10,4.0
4455_68,4.0
1639_75,4.0
4531_63,4.0
2932_34,4.0
910_87,4.0
734_90,4.0
1900_8,4.0
3562_93,4.0
4797_74,4.0
4816_87,4.0
3561_97,4.0
3555_53,4.0
4353_33,4.0
239_3,4.0
4288_89,4.0
4563_28,4.0
2555_60,4.0
1770_19,4.0
3129_66,4.0
2867_66,4.0
2127_27,4.0
4265_41,4.0
1185_39,4.0
1331_93,4.0
4938_26,4.0
1261_34,4.0
2863_68,4.0
287_57,4.0
1484_42,4.0
4691_41,4.0
3672_62,4.0
4151_33,4.0
4748_23,4.0
4942_37,4.0
2545_28,4.0
2966_21,4.0
2487_23,4.0
4820_47,4.0
1127_47,4.0
2885_69,4.0
2026_79,4.0
2480_20,4.0
1161_45,4.0
2258_92,4.0
164_84,4.0
122_87,4.0
4731_96,4.0
2114_47,4.0
4514_98,4.0
2453_38,4.0
13_73,4.0
2091_36,4.0
2968_80,4.0
351_68,4.0
2209_28,4.0
3926_49,4.0
2804_93,4.0
1959_38,4.0
2702_82,4.0
3739_78,4.0
4451_55,4.0
1920_46,4.0
276_15,4.0
2838_91,4.0
3250_35,4.0
1216_78,4.0
4686_43,4.0
1114_67,4.0
3023_29,4.0
2530_96,4.0
2709_98,4.0
1327_67,4.0
1602_6,4.0
2243_39,4.0
302_44,4.0
1045_88,4.0
1246_78,4.0
3081_91,4.0
3678_81,4.0
2139_66,4.0
3592_14,4.0
4571_69,4.0
4111_84,4.0
4152_85,4.0
4909_64,4.0
4647_64,4.0
794_75,4.0
3201_48,4.0
2282_7,4.0
3666_84,4.0
3379_27,4.0
4036_31,4.0
301_34,4.0
4147_20,4.0
3233_57,4.0
2869_46,4.0
156_60,4.0
2652_48,4.0
1752_20,4.0
1652_82,4.0
713_99,4.0
369_60,4.0
2094_26,4.0
2988_10,4.0
34_53,4.0
2265_29,4.0
3765_52,4.0
1587_87,4.0
3538_9,4.0
2758_83,4.0
2417_19,4.0
361_74,4.0
1622_44,4.0
2237_88,4.0
2853_27,4.0
4005_47,4.0
37_71,4.0
2322_24,4.0
2739_83,4.0
3537_63,4.0
3479_58,4.0
858_75,4.0
2033_42,4.0
3849_5,4.0
3794_69,4.0
3345_14,4.0
749_24,4.0
4486_67,4.0
1346_14,4.0
2625_38,4.0
3583_7,4.0
3717_7,4.0
3703_72,4.0
2366_43,4.0
3224_74,4.0
2921_36,4.0
4115_16,4.0
4817_59,4.0
3958_69,4.0
3157_20,4.0
4532_75,4.0
3236_84,4.0
3280_90,4.0
4011_80,4.0
3178_79,4.0
2801_92,4.0
596_24,4.0
1591_60,4.0
792_84,4.0
811_97,4.0
1306_76,4.0
524_40,4.0
4577_60,4.0
4274_22,4.0
1702_12,4.0
526_86,4.0
2092_59,4.0
2331_75,4.0
4626_73,4.0
2650_57,4.0
1609_90,4.0
2305_59,4.0
3061_42,4.0
2183_69,4.0
2821_60,4.0
4557_94,4.0
2081_21,4.0
4515_97,4.0
4716_87,4.0
1560_26,4.0
1074_52,4.0
4869_73,4.0
3969_45,4.0
1990_24,4.0
1754_13,4.0
3464_58,4.0
3984_30,4.0
2883_12,4.0
109_53,4.0
884_49,4.0
3399_50,4.0
1902_32,4.0
1805_99,4.0
1758_24,4.0
1055_52,4.0
1652_42,4.0
62_62,4.0
1131_47,4.0
3008_20,4.0
2094_94,4.0
3429_50,4.0
3866_51,4.0
3448_63,4.0
4609_95,4.0
613_57,4.0
76_81,4.0
4484_100,4.0
2205_83,4.0
2962_25,4.0
3137_26,4.0
3457_4,4.0
462_9,4.0
439_62,4.0
4933_47,4.0
1897_51,4.0
2378_95,4.0
3154_87,4.0
2235_46,4.0
4067_54,4.0
416_14,4.0
3112_90,4.0
3010_79,4.0
1105_7,4.0
1006_1,4.0
2448_46,4.0
4095_8,4.0
1101_9,4.0
401_12,4.0
3637_69,4.0
1878_51,4.0
2593_33,4.0
4224_14,4.0
4948_45,4.0
1431_5,4.0
3148_26,4.0
1098_61,4.0
4606_52,4.0
2470_47,4.0
807_33,4.0
3437_21,4.0
228_97,4.0
4400_68,4.0
3340_88,4.0
2380_46,4.0
3481_27,4.0
3541_78,4.0
2118_9,4.0
1157_8,4.0
4751_2,4.0
3199_85,4.0
1632_8,4.0
61_41,4.0
1276_80,4.0
1630_83,4.0
1449_8,4.0
4323_90,4.0
3101_48,4.0
33_100,4.0
327_52,4.0
1287_94,4.0
646_34,4.0
3953_35,4.0
447_90,4.0
1181_85,4.0
4785_13,4.0
3990_38,4.0
3494_100,4.0
2608_7,4.0
1752_22,4.0
1669_24,4.0
1710_25,4.0
4815_13,4.0
780_47,4.0
3658_100,4.0
42_54,4.0
4612_98,4.0
1455_41,4.0
3165_59,4.0
2191_82,4.0
2760_10,4.0
1032_96,4.0
687_61,4.0
3528_3,4.0
1918_44,4.0
3951_42,4.0
3447_14,4.0
2996_78,4.0
236_17,4.0
2431_77,4.0
3584_19,4.0
3091_86,4.0
4445_55,4.0
1346_3,4.0
2015_98,4.0
29_74,4.0
1025_69,4.0
3521_57,4.0
763_69,4.0
2524_96,4.0
2422_85,4.0
4549_4,4.0
2435_24,4.0
2077_50,4.0
714_69,4.0
337_82,4.0
4528_66,4.0
3509_87,4.0
615_26,4.0
1272_67,4.0
3250_92,4.0
3819_20,4.0
2688_96,4.0
3400_36,4.0
2030_96,4.0
4916_3,4.0
4219_75,4.0
267_80,4.0
4749_11,4.0
1714_11,4.0
2572_42,4.0
2195_55,4.0
2456_96,4.0
2093_7,4.0
1193_16,4.0
2648_37,4.0
4700_11,4.0
1322_22,4.0
4714_67,4.0
2298_8,4.0
223_50,4.0
383_39,4.0
2958_54,4.0
1375_33,4.0
4468_11,4.0
4950_14,4.0
1176_89,4.0
1891_71,4.0
875_97,4.0
2069_77,4.0
1852_79,4.0
3186_39,4.0
766_46,4.0
549_48,4.0
4635_16,4.0
3545_93,4.0
2081_23,4.0
4075_93,4.0
47_66,4.0
3013_3,4.0
1368_87,4.0
803_49,4.0
1914_31,4.0
4033_32,4.0
2450_11,4.0
2775_67,4.0
1374_23,4.0
359_45,4.0
3008_9,4.0
4945_70,4.0
3668_55,4.0
192_53,4.0
1009_46,4.0
1490_90,4.0
2247_69,4.0
2438_14,4.0
879_57,4.0
3174_55,4.0
2756_67,4.0
1916_90,4.0
2714_70,4.0
2356_96,4.0
1446_60,4.0
4947_92,4.0
309_62,4.0
826_59,4.0
4713_46,4.0
3174_68,4.0
221_70,4.0
3888_54,4.0
811_20,4.0
2413_91,4.0
971_9,4.0
888_11,4.0
3007_12,4.0
2269_46,4.0
3303_74,4.0
2945_100,4.0
587_19,4.0
1184_9,4.0
647_70,4.0
443_11,4.0
3139_87,4.0
1253_1,4.0
4393_54,4.0
480_14,4.0
709_22,4.0
693_14,4.0
4504_6,4.0
4723_50,4.0
1486_64,4.0
2699_57,4.0
2798_36,4.0
4601_60,4.0
3398_31,4.0
4795_74,4.0
1671_2,4.0
2458_52,4.0
2391_62,4.0
3610_35,4.0
198_48,4.0
1685_21,4.0
3985_97,4.0
2169_70,4.0
2118_24,4.0
604_39,4.0
2541_63,4.0
1002_85,4.0
61_56,4.0
2356_17,4.0
3913_86,4.0
3973_100,4.0
4133_89,4.0
3131_50,4.0
4283_33,4.0
3846_32,4.0
1289_34,4.0
4005_25,4.0
2210_84,4.0
2925_66,4.0
2066_76,4.0
4179_97,4.0
3161_50,4.0
3556_54,4.0
3297_59,4.0
1860_92,4.0
60_73,4.0
3843_3,4.0
2026_17,4.0
3050_74,4.0
1594_94,4.0
1291_93,4.0
2204_23,4.0
2919_5,4.0
467_60,4.0
2242_22,4.0
1141_4,4.0
62_11,4.0
2577_12,4.0
442_3,4.0
565_73,4.0
4912_45,4.0
3019_64,4.0
3248_72,4.0
832_13,4.0
2829_88,4.0
1128_48,4.0
2542_31,4.0
3081_16,4.0
818_7,4.0
3977_73,4.0
3118_83,4.0
2859_88,4.0
2297_92,4.0
1327_5,4.0
4920_40,4.0
4483_2,4.0
4125_65,4.0
767_18,4.0
4900_61,4.0
4041_71,4.0
367_84,4.0
399_36,4.0
2780_37,4.0
3817_70,4.0
1678_60,4.0
235_49,4.0
4784_7,4.0
752_16,4.0
3624_25,4.0
4603_80,4.0
1769_70,4.0
2206_71,4.0
2148_66,4.0
2595_4,4.0
2677_43,4.0
4270_28,4.0
3694_97,4.0
2370_7,4.0
4422_18,4.0
1252_22,4.0
3166_99,4.0
2661_75,4.0
4133_36,4.0
2038_69,4.0
2874_75,4.0
53_4,4.0
933_53,4.0
1657_84,4.0
2529_13,4.0
3607_47,4.0
2841_19,4.0
833_51,4.0
1053_91,4.0
2383_80,4.0
1483_89,4.0
963_53,4.0
3535_63,4.0
4093_98,4.0
997_51,4.0
4706_32,4.0
2149_34,4.0
2135_99,4.0
2429_88,4.0
3313_71,4.0
90_20,4.0
2531_72,4.0
1168_54,4.0
2362_34,4.0
2764_14,4.0
2582_37,4.0
2961_70,4.0
4155_50,4.0
2262_32,4.0
2533_37,4.0
640_19,4.0
2417_91,4.0
557_21,4.0
97_36,4.0
2551_27,4.0
4902_41,4.0
2741_43,4.0
3102_22,4.0
3574_17,4.0
2357_53,4.0
288_75,4.0
2676_35,4.0
100_24,4.0
1702_58,4.0
3250_41,4.0
3495_74,4.0
1912_53,4.0
1590_2,4.0
1172_14,4.0
2789_97,4.0
3747_29,4.0
3791_72,4.0
2805_41,4.0
2910_94,4.0
829_25,4.0
3497_39,4.0
602_19,4.0
1419_12,4.0
4712_78,4.0
2893_46,4.0
4536_81,4.0
4584_14,4.0
2493_48,4.0
2365_11,4.0
4401_14,4.0
3823_37,4.0
1742_5,4.0
2462_65,4.0
1271_90,4.0
4038_83,4.0
498_59,4.0
625_100,4.0
456_62,4.0
4762_33,4.0
2566_14,4.0
4864_17,4.0
2568_60,4.0
4560_20,4.0
3040_55,4.0
3723_48,4.0
1766_82,4.0
3860_53,4.0
1430_96,4.0
3119_55,4.0
3556_56,4.0
4753_41,4.0
4398_79,4.0
2774_20,4.0
2075_19,4.0
4829_36,4.0
4774_100,4.0
4426_33,4.0
4923_85,4.0
3285_64,4.0
2343_76,4.0
4280_100,4.0
297_1,4.0
839_55,4.0
3593_72,4.0
279_68,4.0
513_6,4.0
3685_11,4.0
374_76,4.0
3803_3,4.0
1003_18,4.0
2276_35,4.0
2262_100,4.0
43_97,4.0
3472_24,4.0
1975_43,4.0
4583_6,4.0
2910_28,4.0
3643_27,4.0
4242_63,4.0
1088_75,4.0
2199_57,4.0
1366_56,4.0
325_89,4.0
526_79,4.0
283_92,4.0
919_10,4.0
841_90,4.0
1479_81,4.0
959_82,4.0
2750_52,4.0
1935_68,4.0
278_98,4.0
3846_76,4.0
1858_6,4.0
1544_75,4.0
3376_46,4.0
3536_35,4.0
2450_2,4.0
521_98,4.0
4869_66,4.0
3129_61,4.0
2270_71,4.0
1874_71,4.0
2985_53,4.0
4540_12,4.0
3661_43,4.0
2339_63,4.0
1819_27,4.0
2140_82,4.0
2374_20,4.0
3716_100,4.0
735_40,4.0
4229_96,4.0
349_4,4.0
4223_52,4.0
4704_96,4.0
143_20,4.0
2061_31,4.0
2402_95,4.0
4218_95,4.0
2936_2,4.0
4731_91,4.0
4789_32,4.0
3151_75,4.0
3930_42,4.0
1316_35,4.0
2489_77,4.0
2709_80,4.0
689_58,4.0
3264_73,4.0
2699_35,4.0
2817_27,4.0
305_68,4.0
3752_12,4.0
1658_41,4.0
3416_63,4.0
2797_85,4.0
2912_35,4.0
3449_11,4.0
3831_76,4.0
2098_47,4.0
4530_50,4.0
2771_32,4.0
355_10,4.0
1191_16,4.0
1209_70,4.0
2606_86,4.0
2680_35,4.0
8_87,4.0
1142_16,4.0
1642_73,4.0
3178_19,4.0
1304_14,4.0
3914_87,4.0
423_36,4.0
3218_91,4.0
3655_92,4.0
3432_20,4.0
3208_46,4.0
4152_80,4.0
552_42,4.0
868_19,4.0
2470_53,4.0
4825_65,4.0
1167_22,4.0
4198_88,4.0
4355_8,4.0
764_19,4.0
4475_73,4.0
1118_22,4.0
58_42,4.0
2298_67,4.0
1340_71,4.0
762_94,4.0
720_97,4.0
609_37,4.0
4024_29,4.0
4781_8,4.0
2150_61,4.0
3445_93,4.0
551_32,4.0
4834_19,4.0
1262_43,4.0
1146_97,4.0
2950_6,4.0
1002_89,4.0
2081_82,4.0
1735_88,4.0
4627_76,4.0
4586_38,4.0
2726_5,4.0
1793_29,4.0
3309_60,4.0
1636_82,4.0
3804_39,4.0
4139_29,4.0
4225_32,4.0
4621_32,4.0
3762_42,4.0
1594_85,4.0
1030_43,4.0
5000_28,4.0
2938_9,4.0
2239_8,4.0
1807_85,4.0
1841_83,4.0
858_57,4.0
1219_36,4.0
599_62,4.0
4088_40,4.0
4671_95,4.0
4266_46,4.0
4164_35,4.0
2612_81,4.0
1367_55,4.0
869_44,4.0
1284_57,4.0
263_5,4.0
208_69,4.0
3435_10,4.0
904_1,4.0
4481_92,4.0
3470_4,4.0
2616_92,4.0
379_72,4.0
3648_10,4.0
1920_96,4.0
2572_22,4.0
4745_57,4.0
2606_20,4.0
4865_95,4.0
2986_12,4.0
1382_53,4.0
3236_79,4.0
4411_9,4.0
4708_3,4.0
2990_23,4.0
1020_81,4.0
2910_30,4.0
515_94,4.0
2373_54,4.0
1693_66,4.0
3847_88,4.0
3289_26,4.0
1623_7,4.0
1248_66,4.0
3798_88,4.0
4274_17,4.0
1822_72,4.0
1044_7,4.0
2578_55,4.0
4991_45,4.0
1681_69,4.0
3995_80,4.0
841_92,4.0
959_84,4.0
2657_55,4.0
1000_85,4.0
4971_66,4.0
2373_67,4.0
2890_34,4.0
4964_63,4.0
3351_99,4.0
4066_81,4.0
4778_58,4.0
686_46,4.0
204_43,4.0
1847_78,4.0
3073_47,4.0
2157_11,4.0
4457_87,4.0
1201_88,4.0
3311_40,4.0
914_31,4.0
1592_94,4.0
4644_71,4.0
4503_95,4.0
3964_46,4.0
4343_79,4.0
523_1,4.0
4755_23,4.0
3117_66,4.0
2596_71,4.0
4514_82,4.0
4963_93,4.0
3505_3,4.0
208_3,4.0
2489_66,4.0
3179_18,4.0
1052_99,4.0
3153_2,4.0
2679_82,4.0
263_60,4.0
2536_33,4.0
2774_90,4.0
2452_39,4.0
1730_54,4.0
2091_33,4.0
3224_3,4.0
712_7,4.0
3504_57,4.0
4803_90,4.0
2910_72,4.0
3021_88,4.0
503_18,4.0
3687_6,4.0
1047_10,4.0
174_85,4.0
3347_86,4.0
3520_14,4.0
4994_48,4.0
1563_11,4.0
2820_47,4.0
4068_4,4.0
3212_19,4.0
4267_69,4.0
1956_63,4.0
3265_30,4.0
637_88,4.0
408_36,4.0
4783_70,4.0
1847_12,4.0
685_21,4.0
468_23,4.0
3467_100,4.0
4179_77,4.0
4614_5,4.0
1565_70,4.0
1146_86,4.0
4272_12,4.0
3996_77,4.0
405_88,4.0
1359_86,4.0
963_86,4.0
3929_23,4.0
1257_75,4.0
3823_41,4.0
4621_21,4.0
2386_74,4.0
2150_63,4.0
1629_68,4.0
1421_38,4.0
3633_38,4.0
3256_51,4.0
1557_84,4.0
1079_45,4.0
201_42,4.0
657_56,4.0
944_86,4.0
2971_67,4.0
4209_90,4.0
1592_41,4.0
4429_93,4.0
4547_85,4.0
2265_26,4.0
1217_100,4.0
3880_36,4.0
946_51,4.0
1670_82,4.0
2938_11,4.0
4801_86,4.0
3901_95,4.0
1564_100,4.0
4597_27,4.0
2417_16,4.0
3936_52,4.0
243_15,4.0
4155_96,4.0
4241_99,4.0
3172_70,4.0
715_10,4.0
2514_70,4.0
1311_41,4.0
1626_52,4.0
490_13,4.0
1087_3,4.0
2267_85,4.0
3799_60,4.0
2797_21,4.0
3817_50,4.0
4589_41,4.0
3807_5,4.0
2926_27,4.0
2112_39,4.0
2929_32,4.0
573_24,4.0
416_77,4.0
607_22,4.0
288_13,4.0
4178_69,4.0
2125_99,4.0
3696_66,4.0
3358_7,4.0
149_83,4.0
2817_97,4.0
1595_55,4.0
3191_15,4.0
931_11,4.0
2886_89,4.0
3368_92,4.0
4360_59,4.0
4395_16,4.0
4633_73,4.0
3768_39,4.0
1916_59,4.0
4511_83,4.0
1310_20,4.0
2034_51,4.0
789_25,4.0
329_40,4.0
4778_60,4.0
1567_26,4.0
667_35,4.0
643_92,4.0
3654_31,4.0
4774_25,4.0
2594_14,4.0
4806_14,4.0
1633_13,4.0
2629_8,4.0
3151_53,4.0
1414_90,4.0
4586_95,4.0
4759_23,4.0
906_34,4.0
3064_57,4.0
1844_88,4.0
372_100,4.0
4477_81,4.0
4030_35,4.0
860_39,4.0
4951_85,4.0
3748_56,4.0
2746_17,4.0
4018_38,4.0
3137_23,4.0
8_65,4.0
2281_38,4.0
4419_52,4.0
4652_31,4.0
920_66,4.0
1837_34,4.0
154_11,4.0
811_15,4.0
1975_89,4.0
1512_99,4.0
2530_82,4.0
3045_33,4.0
1193_53,4.0
3842_54,4.0
2271_87,4.0
2505_25,4.0
2042_35,4.0
4241_59,4.0
2803_96,4.0
203_24,4.0
1163_66,4.0
2398_47,4.0
4294_70,4.0
4913_48,4.0
4925_58,4.0
38_78,4.0
4985_45,4.0
1748_59,4.0
4599_9,4.0
1968_62,4.0
2900_42,4.0
892_74,4.0
3442_96,4.0
3541_75,4.0
463_82,4.0
4112_12,4.0
903_88,4.0
4207_20,4.0
4386_22,4.0
3108_48,4.0
1215_67,4.0
3810_91,4.0
12_38,4.0
366_41,4.0
1572_75,4.0
727_20,4.0
269_44,4.0
1127_75,4.0
1044_77,4.0
741_39,4.0
1934_60,4.0
3140_94,4.0
4730_74,4.0
2333_65,4.0
3667_25,4.0
4503_31,4.0
53_52,4.0
1553_75,4.0
1627_24,4.0
1349_16,4.0
4160_42,4.0
4600_85,4.0
1243_34,4.0
1759_35,4.0
143_66,4.0
3195_43,4.0
1573_30,4.0
2390_23,4.0
631_42,4.0
1393_99,4.0
4662_37,4.0
2246_15,4.0
2709_5,4.0
3512_100,4.0
1626_41,4.0
4144_47,4.0
2143_38,4.0
326_52,4.0
4458_99,4.0
2598_66,4.0
4810_29,4.0
1050_2,4.0
2_76,4.0
2431_74,4.0
15_15,4.0
2172_79,4.0
1767_30,4.0
2887_24,4.0
1214_46,4.0
3662_57,4.0
3639_73,4.0
3403_62,4.0
4960_94,4.0
304_10,4.0
1787_93,4.0
4294_4,4.0
4899_84,4.0
2998_13,4.0
4095_60,4.0
163_7,4.0
2840_70,4.0
2658_93,4.0
140_23,4.0
2393_24,4.0
832_21,4.0
413_74,4.0
1674_44,4.0
131_95,4.0
4661_40,4.0
3025_92,4.0
427_93,4.0
380_18,4.0
4395_5,4.0
3733_71,4.0
3430_33,4.0
3810_25,4.0
3152_25,4.0
2331_61,4.0
4386_77,4.0
1386_4,4.0
1303_6,4.0
2247_40,4.0
3578_25,4.0
223_47,4.0
2559_46,4.0
1678_68,4.0
1241_30,4.0
3295_87,4.0
3330_44,4.0
1456_76,4.0
1530_25,4.0
4147_74,4.0
3288_47,4.0
4064_39,4.0
4558_22,4.0
750_35,4.0
3124_97,4.0
1902_18,4.0
4477_70,4.0
1444_79,4.0
4313_83,4.0
1099_44,4.0
4607_35,4.0
3406_52,4.0
3179_9,4.0
4535_24,4.0
4917_89,4.0
2938_68,4.0
2836_57,4.0
120_2,4.0
4808_38,4.0
4268_30,4.0
2052_96,4.0
1890_34,4.0
1353_95,4.0
4204_45,4.0
2225_24,4.0
4506_87,4.0
4720_46,4.0
2702_70,4.0
4097_40,4.0
1700_31,4.0
1003_66,4.0
2519_97,4.0
901_55,4.0
1080_57,4.0
3796_48,4.0
2716_89,4.0
355_3,4.0
2292_27,4.0
2908_30,4.0
3023_17,4.0
1975_91,4.0
2112_96,4.0
2984_25,4.0
1487_44,4.0
3245_66,4.0
4802_98,4.0
3465_69,4.0
1285_58,4.0
4062_59,4.0
4314_51,4.0
1281_60,4.0
3636_72,4.0
3391_12,4.0
2969_23,4.0
2592_36,4.0
4983_1,4.0
2847_33,4.0
3893_78,4.0
1787_53,4.0
3485_24,4.0
1350_15,4.0
4624_68,4.0
4103_73,4.0
4337_11,4.0
4455_3,4.0
4559_60,4.0
2778_54,4.0
843_76,4.0
4746_7,4.0
3645_26,4.0
232_43,4.0
470_100,4.0
3918_40,4.0
528_41,4.0
2654_1,4.0
665_46,4.0
1858_67,4.0
4277_94,4.0
4478_84,4.0
1819_75,4.0
2053_13,4.0
583_98,4.0
2138_57,4.0
1078_77,4.0
4311_92,4.0
995_42,4.0
3469_42,4.0
3267_56,4.0
3762_35,4.0
4560_15,4.0
3008_61,4.0
2341_12,4.0
4459_84,4.0
823_93,4.0
243_6,4.0
1615_29,4.0
236_3,4.0
2045_27,4.0
97_73,4.0
666_1,4.0
449_3,4.0
763_55,4.0
2774_28,4.0
2732_31,4.0
242_60,4.0
4972_93,4.0
2413_22,4.0
120_70,4.0
4946_40,4.0
4710_29,4.0
3053_59,4.0
496_61,4.0
614_53,4.0
2427_41,4.0
84_9,4.0
304_12,4.0
268_89,4.0
1207_45,4.0
3160_77,4.0
670_69,4.0
3935_73,4.0
4733_53,4.0
3833_62,4.0
4254_55,4.0
603_15,4.0
1834_62,4.0
4215_63,4.0
4349_63,4.0
2354_34,4.0
2488_34,4.0
154_81,4.0
4543_50,4.0
984_13,4.0
1465_57,4.0
3067_91,4.0
4462_61,4.0
2662_42,4.0
4934_56,4.0
484_77,4.0
4873_46,4.0
3835_84,4.0
1097_11,4.0
660_10,4.0
665_88,4.0
375_26,4.0
2455_99,4.0
1894_62,4.0
975_21,4.0
792_85,4.0
4316_20,4.0
3386_86,4.0
1641_3,4.0
667_26,4.0
3358_24,4.0
1847_71,4.0
1484_19,4.0
3082_89,4.0
1055_27,4.0
2018_74,4.0
741_96,4.0
4767_13,4.0
1131_22,4.0
4249_87,4.0
1634_84,4.0
1950_61,4.0
4369_88,4.0
172_60,4.0
2645_64,4.0
3797_47,4.0
3235_51,4.0
1636_22,4.0
4648_75,4.0
3135_49,4.0
3591_100,4.0
738_40,4.0
3288_62,4.0
1210_35,4.0
4047_87,4.0
934_100,4.0
1746_15,4.0
3221_8,4.0
4822_83,4.0
2383_77,4.0
4537_99,4.0
2006_90,4.0
4438_93,4.0
1897_39,4.0
2075_82,4.0
3888_40,4.0
476_53,4.0
1312_59,4.0
71_4,4.0
1732_93,4.0
4646_99,4.0
471_59,4.0
4400_43,4.0
3937_53,4.0
3720_55,4.0
2701_76,4.0
4148_7,4.0
4495_51,4.0
2602_70,4.0
2419_97,4.0
457_16,4.0
15_85,4.0
1410_55,4.0
73_26,4.0
3060_22,4.0
2482_45,4.0
3280_25,4.0
24_26,4.0
3453_74,4.0
258_85,4.0
1493_66,4.0
3807_77,4.0
1812_48,4.0
174_91,4.0
2923_30,4.0
1780_15,4.0
1597_15,4.0
683_89,4.0
1044_68,4.0
1264_71,4.0
875_30,4.0
2333_56,4.0
4702_3,4.0
4669_55,4.0
1854_58,4.0
835_79,4.0
1770_64,4.0
3050_47,4.0
3124_33,4.0
1511_69,4.0
4859_71,4.0
4059_18,4.0
1032_71,4.0
3582_93,4.0
4218_11,4.0
3323_98,4.0
384_35,4.0
1463_28,4.0
1264_84,4.0
3839_99,4.0
4174_89,4.0
3874_93,4.0
3163_1,4.0
3653_94,4.0
3864_48,4.0
1467_39,4.0
1613_93,4.0
3242_1,4.0
2328_75,4.0
3084_58,4.0
1784_96,4.0
2742_65,4.0
4692_28,4.0
4752_79,4.0
2358_75,4.0
4947_25,4.0
3625_45,4.0
194_8,4.0
4412_95,4.0
3407_51,4.0
1795_83,4.0
2928_53,4.0
626_52,4.0
3100_15,4.0
2838_15,4.0
941_63,4.0
2482_87,4.0
2697_12,4.0
580_57,4.0
4904_45,4.0
1313_56,4.0
3104_26,4.0
237_68,4.0
3738_56,4.0
629_70,4.0
408_71,4.0
1822_54,4.0
2738_26,4.0
695_20,4.0
2412_41,4.0
4270_1,4.0
959_66,4.0
2877_77,4.0
353_27,4.0
4499_9,4.0
3611_72,4.0
1370_51,4.0
4344_71,4.0
753_82,4.0
3636_21,4.0
86_33,4.0
191_86,4.0
2923_85,4.0
3124_75,4.0
466_25,4.0
1021_18,4.0
3753_17,4.0
468_71,4.0
4193_60,4.0
3756_22,4.0
4385_1,4.0
183_87,4.0
3369_27,4.0
4126_6,4.0
553_34,4.0
1236_64,4.0
2053_57,4.0
2765_34,4.0
674_31,4.0
2423_4,4.0
2610_96,4.0
4216_20,4.0
1544_72,4.0
704_95,4.0
2562_55,4.0
4857_53,4.0
1661_68,4.0
4030_15,4.0
1958_62,4.0
1555_86,4.0
1756_76,4.0
1379_89,4.0
4345_26,4.0
1015_78,4.0
1194_80,4.0
2024_12,4.0
4634_21,4.0
2645_66,4.0
2383_66,4.0
981_93,4.0
1457_22,4.0
3952_44,4.0
435_4,4.0
99_55,4.0
2864_2,4.0
4727_77,4.0
969_96,4.0
3746_97,4.0
2207_82,4.0
3690_57,4.0
1117_51,4.0
1829_28,4.0
3444_1,4.0
2387_26,4.0
3102_8,4.0
94_74,4.0
2427_98,4.0
1406_46,4.0
3053_8,4.0
2736_35,4.0
2810_21,4.0
1197_57,4.0
4411_59,4.0
3074_67,4.0
258_74,4.0
4069_66,4.0
1047_5,4.0
347_8,4.0
3539_22,4.0
2606_83,4.0
2840_21,4.0
1269_54,4.0
3046_89,4.0
3439_20,4.0
244_31,4.0
4770_5,4.0
1077_5,4.0
2719_81,4.0
2394_55,4.0
2352_58,4.0
2671_40,4.0
4084_64,4.0
1301_19,4.0
4454_11,4.0
3700_74,4.0
4434_69,4.0
241_96,4.0
2587_59,4.0
3707_90,4.0
4463_73,4.0
4246_75,4.0
1881_18,4.0
2161_72,4.0
1025_33,4.0
144_55,4.0
817_40,4.0
1978_72,4.0
2157_74,4.0
2936_41,4.0
3491_34,4.0
4602_16,4.0
4607_94,4.0
1291_81,4.0
4202_45,4.0
2267_67,4.0
1779_20,4.0
823_97,4.0
4095_40,4.0
2977_55,4.0
1573_36,4.0
2156_91,4.0
4886_17,4.0
4831_81,4.0
3609_2,4.0
1575_82,4.0
2029_23,4.0
1929_85,4.0
4342_38,4.0
4782_81,4.0
4539_94,4.0
4900_36,4.0
3840_56,4.0
1896_29,4.0
2524_86,4.0
2243_73,4.0
503_68,4.0
318_59,4.0
4729_46,4.0
2687_90,4.0
2324_38,4.0
4960_100,4.0
1207_49,4.0
73_83,4.0
725_9,4.0
367_72,4.0
4915_34,4.0
2243_86,4.0
2699_100,4.0
2990_20,4.0
2976_85,4.0
2396_35,4.0
2456_86,4.0
3053_76,4.0
4277_19,4.0
1764_64,4.0
65_97,4.0
1435_10,4.0
2386_3,4.0
378_35,4.0
4667_66,4.0
3686_86,4.0
3147_37,4.0
1669_69,4.0
3878_27,4.0
884_28,4.0
2855_50,4.0
4667_79,4.0
1134_31,4.0
4586_90,4.0
833_39,4.0
1430_29,4.0
1765_19,4.0
4079_30,4.0
414_92,4.0
4956_74,4.0
312_44,4.0
3063_56,4.0
1029_99,4.0
3443_48,4.0
2955_1,4.0
879_47,4.0
4153_100,4.0
2515_79,4.0
1136_90,4.0
2987_74,4.0
1548_34,4.0
1589_35,4.0
3338_8,4.0
2804_74,4.0
483_60,4.0
2241_82,4.0
3132_61,4.0
1357_35,4.0
1973_38,4.0
1714_43,4.0
3606_65,4.0
3504_54,4.0
2585_13,4.0
3287_56,4.0
3201_16,4.0
1253_99,4.0
4324_52,4.0
1170_64,4.0
108_11,4.0
3203_62,4.0
2389_74,4.0
4180_44,4.0
1195_13,4.0
2384_36,4.0
950_74,4.0
2491_98,4.0
1288_69,4.0
4295_7,4.0
1562_49,4.0
3601_84,4.0
4853_42,4.0
3113_37,4.0
2777_88,4.0
686_85,4.0
1618_65,4.0
2215_55,4.0
2710_34,4.0
3307_24,4.0
1593_8,4.0
2428_55,4.0
3880_7,4.0
831_72,4.0
368_82,4.0
3640_25,4.0
1460_14,4.0
2143_7,4.0
1262_29,4.0
2717_50,4.0
3735_33,4.0
2895_56,4.0
3734_74,4.0
1717_57,4.0
4353_82,4.0
4963_11,4.0
516_37,4.0
1825_4,4.0
3781_41,4.0
611_45,4.0
671_96,4.0
1846_63,4.0
1125_37,4.0
4498_69,4.0
3262_92,4.0
1839_23,4.0
1622_25,4.0
784_94,4.0
261_53,4.0
2795_67,4.0
2432_15,4.0
4828_65,4.0
694_56,4.0
14_68,4.0
2424_16,4.0
1307_27,4.0
1166_51,4.0
29_53,4.0
2624_77,4.0
4396_34,4.0
3221_67,4.0
1784_100,4.0
2637_16,4.0
2260_29,4.0
1624_84,4.0
2399_80,4.0
1499_89,4.0
4317_91,4.0
411_10,4.0
3650_42,4.0
2945_24,4.0
2989_67,4.0
4747_89,4.0
55_82,4.0
1485_46,4.0
221_7,4.0
3039_9,4.0
2043_44,4.0
721_64,4.0
545_67,4.0
724_69,4.0
1940_37,4.0
43_85,4.0
2935_73,4.0
2176_21,4.0
2773_11,4.0
698_53,4.0
4729_48,4.0
1616_98,4.0
3507_6,4.0
94_23,4.0
589_2,4.0
2567_27,4.0
3224_68,4.0
2824_97,4.0
4596_54,4.0
45_23,4.0
609_65,4.0
3386_66,4.0
325_77,4.0
3858_61,4.0
2884_84,4.0
778_22,4.0
2361_43,4.0
579_78,4.0
3810_20,4.0
3529_7,4.0
2488_40,4.0
4249_67,4.0
713_14,4.0
2065_58,4.0
746_83,4.0
4968_60,4.0
1131_15,4.0
1472_79,4.0
3256_90,4.0
135_50,4.0
4345_17,4.0
1095_92,4.0
840_68,4.0
4422_8,4.0
3843_35,4.0
4255_16,4.0
153_40,4.0
708_33,4.0
861_46,4.0
1640_13,4.0
4940_55,4.0
248_48,4.0
2039_18,4.0
2823_100,4.0
4831_4,4.0
4748_6,4.0
3591_93,4.0
4329_22,4.0
3971_85,4.0
3415_96,4.0
1238_90,4.0
1953_72,4.0
4864_73,4.0
2406_54,4.0
9_45,4.0
2048_80,4.0
1189_90,4.0
2061_19,4.0
1716_21,4.0
1499_23,4.0
2096_13,4.0
2554_73,4.0
1795_21,4.0
1418_34,4.0
4370_36,4.0
1316_23,4.0
4086_48,4.0
1816_80,4.0
2017_70,4.0
1614_94,4.0
645_3,4.0
1135_96,4.0
2387_17,4.0
4458_41,4.0
2042_19,4.0
1288_45,4.0
2878_25,4.0
66_3,4.0
742_57,4.0
943_47,4.0
1677_42,4.0
45_65,4.0
4076_97,4.0
2056_38,4.0
4724_52,4.0
1274_39,4.0
2394_33,4.0
695_66,4.0
1410_48,4.0
1170_66,4.0
2564_77,4.0
2817_28,4.0
4881_93,4.0
1179_7,4.0
820_74,4.0
2470_41,4.0
2227_54,4.0
3347_85,4.0
408_22,4.0
4566_58,4.0
301_17,4.0
856_10,4.0
3377_85,4.0
4364_1,4.0
137_30,4.0
213_25,4.0
4943_58,4.0
2268_41,4.0
148_44,4.0
863_26,4.0
949_29,4.0
3659_40,4.0
125_33,4.0
562_34,4.0
3834_14,4.0
3256_37,4.0
421_31,4.0
4685_5,4.0
1710_19,4.0
3267_51,4.0
3704_25,4.0
2038_6,4.0
4875_21,4.0
1245_77,4.0
4018_77,4.0
1902_81,4.0
3834_27,4.0
4771_85,4.0
2193_1,4.0
1656_25,4.0
3692_28,4.0
3845_41,4.0
3628_43,4.0
1434_97,4.0
2089_28,4.0
1552_89,4.0
793_37,4.0
4518_26,4.0
4549_93,4.0
710_39,4.0
3125_65,4.0
1022_45,4.0
1223_35,4.0
3623_49,4.0
6_71,4.0
2151_17,4.0
4317_93,4.0
3417_65,4.0
758_56,4.0
1306_46,4.0
291_68,4.0
3182_60,4.0
4032_1,4.0
140_20,4.0
4511_56,4.0
4189_42,4.0
3800_1,4.0
3483_65,4.0
1695_100,4.0
2567_29,4.0
1845_44,4.0
408_77,4.0
3374_14,4.0
1225_70,4.0
3_28,4.0
2160_55,4.0
1681_57,4.0
720_19,4.0
2354_42,4.0
2951_32,4.0
3809_63,4.0
498_91,4.0
4367_61,4.0
1069_65,4.0
3686_77,4.0
255_77,4.0
3488_92,4.0
810_70,4.0
4098_21,4.0
1847_66,4.0
3101_97,4.0
685_75,4.0
3439_92,4.0
921_22,4.0
4154_74,4.0
783_88,4.0
4649_16,4.0
1856_7,4.0
1456_73,4.0
831_21,4.0
3552_90,4.0
2844_40,4.0
4197_13,4.0
3223_36,4.0
3679_87,4.0
4119_93,4.0
2938_52,4.0
4470_27,4.0
2073_18,4.0
1140_79,4.0
3917_80,4.0
1520_71,4.0
3489_47,4.0
913_36,4.0
3112_60,4.0
3708_91,4.0
4947_73,4.0
2825_3,4.0
455_97,4.0
2480_5,4.0
4560_78,4.0
4144_99,4.0
1642_37,4.0
4479_89,4.0
1501_34,4.0
1038_44,4.0
2554_75,4.0
4912_92,4.0
2336_81,4.0
2327_32,4.0
2005_18,4.0
1452_34,4.0
915_95,4.0
1094_97,4.0
1531_98,4.0
1515_90,4.0
3727_53,4.0
3456_4,4.0
3079_17,4.0
11_69,4.0
30_82,4.0
3518_64,4.0
3451_10,4.0
1695_34,4.0
2167_29,4.0
2208_30,4.0
2153_94,4.0
2970_87,4.0
2271_86,4.0
2942_25,4.0
3478_5,4.0
2067_27,4.0
1967_89,4.0
4798_97,4.0
1121_68,4.0
3314_18,4.0
1817_37,4.0
2414_27,4.0
2183_94,4.0
3828_10,4.0
2678_36,4.0
176_11,4.0
3208_36,4.0
4791_57,4.0
3872_16,4.0
1496_66,4.0
3369_75,4.0
3226_26,4.0
1789_59,4.0
1926_64,4.0
1898_2,4.0
1942_45,4.0
49_27,4.0
3217_98,4.0
1095_28,4.0
1456_7,4.0
2534_41,4.0
555_20,4.0
3893_88,4.0
4443_3,4.0
461_92,4.0
1990_62,4.0
2848_93,4.0
551_22,4.0
192_89,4.0
329_94,4.0
667_89,4.0
1539_18,4.0
1055_90,4.0
3771_81,4.0
956_84,4.0
1231_23,4.0
3646_86,4.0
988_36,4.0
2746_58,4.0
2603_9,4.0
1488_93,4.0
151_64,4.0
527_55,4.0
4396_25,4.0
2940_45,4.0
4731_15,4.0
3759_84,4.0
3516_97,4.0
1802_81,4.0
1876_30,4.0
4151_86,4.0
69_8,4.0
886_1,4.0
1265_34,4.0
4479_36,4.0
3504_100,4.0
1006_39,4.0
307_1,4.0
2084_73,4.0
3137_77,4.0
2882_53,4.0
22_17,4.0
2496_17,4.0
57_11,4.0
4391_44,4.0
2558_77,4.0
4349_47,4.0
4885_27,4.0
2098_92,4.0
3407_59,4.0
4687_42,4.0
4604_44,4.0
4488_98,4.0
3266_56,4.0
4427_88,4.0
795_61,4.0
2908_82,4.0
4083_49,4.0
4960_93,4.0
2269_95,4.0
3719_1,4.0
684_1,4.0
2387_87,4.0
3421_78,4.0
4640_88,4.0
922_58,4.0
1404_61,4.0
168_84,4.0
4094_63,4.0
2597_82,4.0
3858_52,4.0
1521_57,4.0
593_4,4.0
161_81,4.0
1671_38,4.0
4407_1,4.0
716_74,4.0
2331_47,4.0
2668_83,4.0
1248_56,4.0
1845_46,4.0
1449_46,4.0
4191_9,4.0
1662_46,4.0
4432_71,4.0
1942_100,4.0
1620_49,4.0
679_20,4.0
1840_52,4.0
2293_34,4.0
2631_29,4.0
3929_66,4.0
1331_67,4.0
903_34,4.0
3862_12,4.0
3954_15,4.0
308_90,4.0
5_52,4.0
4815_51,4.0
2596_48,4.0
460_80,4.0
303_96,4.0
3510_95,4.0
1724_11,4.0
2904_56,4.0
4280_13,4.0
2846_51,4.0
2779_61,4.0
4356_8,4.0
3241_92,4.0
1326_86,4.0
164_58,4.0
3860_100,4.0
4135_39,4.0
3917_82,4.0
1635_23,4.0
2410_56,4.0
2790_48,4.0
497_96,4.0
4439_19,4.0
4155_31,4.0
2000_13,4.0
448_59,4.0
4479_91,4.0
1383_44,4.0
2420_77,4.0
1401_98,4.0
4076_88,4.0
4810_83,4.0
4402_29,4.0
3252_55,4.0
1672_39,4.0
3102_3,4.0
4858_100,4.0
288_56,4.0
2378_93,4.0
3597_66,4.0
1577_44,4.0
792_3,4.0
4267_46,4.0
1199_98,4.0
3925_53,4.0
4305_45,4.0
2326_24,4.0
2111_99,4.0
2692_81,4.0
3895_66,4.0
390_80,4.0
2759_27,4.0
3196_28,4.0
1176_6,4.0
1542_63,4.0
45_82,4.0
204_75,4.0
4152_72,4.0
239_32,4.0
354_19,4.0
713_73,4.0
2865_22,4.0
445_29,4.0
4357_73,4.0
67_83,4.0
3869_26,4.0
4392_67,4.0
2981_89,4.0
2122_99,4.0
2719_89,4.0
3275_41,4.0
4992_62,4.0
878_32,4.0
1442_74,4.0
4468_62,4.0
4704_9,4.0
3267_42,4.0
3446_44,4.0
1930_13,4.0
3848_24,4.0
4359_11,4.0
2108_56,4.0
1712_56,4.0
729_30,4.0
562_38,4.0
1085_79,4.0
4436_86,4.0
803_100,4.0
3015_100,4.0
3873_94,4.0
2725_1,4.0
3232_34,4.0
2131_16,4.0
3209_50,4.0
1913_59,4.0
1725_8,4.0
1849_74,4.0
1367_34,4.0
393_94,4.0
29_46,4.0
4011_41,4.0
4250_94,4.0
2357_76,4.0
235_6,4.0
2290_22,4.0
3107_52,4.0
4268_84,4.0
952_34,4.0
2669_55,4.0
3703_46,4.0
145_5,4.0
1884_14,4.0
635_98,4.0
890_95,4.0
1924_86,4.0
2521_76,4.0
2144_89,4.0
1244_98,4.0
4356_89,4.0
3514_2,4.0
1480_45,4.0
277_16,4.0
874_6,4.0
4068_36,4.0
959_50,4.0
4729_41,4.0
4247_38,4.0
2308_89,4.0
4647_93,4.0
3907_54,4.0
4115_3,4.0
3664_67,4.0
3402_67,4.0
609_58,4.0
2476_23,4.0
2817_87,4.0
4413_47,4.0
662_69,4.0
4770_55,4.0
2257_100,4.0
4511_60,4.0
1812_100,4.0
2409_90,4.0
2978_18,4.0
306_33,4.0
2559_34,4.0
2779_37,4.0
4133_6,4.0
2696_39,4.0
3673_21,4.0
2874_45,4.0
1275_16,4.0
975_20,4.0
2072_67,4.0
671_23,4.0
51_49,4.0
4600_7,4.0
35_41,4.0
255_81,4.0
4644_50,4.0
3482_22,4.0
1448_65,4.0
823_13,4.0
2444_60,4.0
2319_65,4.0
250_87,4.0
981_77,4.0
3161_88,4.0
1361_69,4.0
502_42,4.0
2149_4,4.0
2008_1,4.0
4484_74,4.0
4966_77,4.0
1113_88,4.0
2582_7,4.0
1805_86,4.0
1624_11,4.0
442_41,4.0
2334_63,4.0
1594_24,4.0
157_57,4.0
4150_26,4.0
3866_38,4.0
1832_81,4.0
539_95,4.0
2489_58,4.0
1927_25,4.0
4222_23,4.0
4518_85,4.0
2639_2,4.0
240_68,4.0
515_7,4.0
4076_90,4.0
594_7,4.0
1117_48,4.0
3169_59,4.0
4509_93,4.0
3590_52,4.0
1952_95,4.0
3287_51,4.0
4918_32,4.0
4305_34,4.0
3423_60,4.0
423_17,4.0
4839_89,4.0
1_28,4.0
2282_91,4.0
799_8,4.0
4013_47,4.0
4976_94,4.0
17_9,4.0
4893_96,4.0
2889_18,4.0
4446_50,4.0
2153_98,4.0
3978_66,4.0
1843_57,4.0
3219_14,4.0
2162_39,4.0
885_61,4.0
2516_42,4.0
2483_94,4.0
320_23,4.0
4772_48,4.0
1618_60,4.0
3670_71,4.0
3494_74,4.0
2671_37,4.0
1394_59,4.0
1435_60,4.0
829_21,4.0
347_18,4.0
1282_3,4.0
891_81,4.0
3601_92,4.0
1849_50,4.0
3640_20,4.0
3263_33,4.0
1944_58,4.0
3454_15,4.0
4593_59,4.0
4197_59,4.0
2397_40,4.0
4188_10,4.0
1120_25,4.0
201_21,4.0
4130_5,4.0
577_42,4.0
1039_73,4.0
810_21,4.0
3762_23,4.0
4445_16,4.0
2788_46,4.0
854_27,4.0
4109_67,4.0
275_91,4.0
3984_72,4.0
3524_87,4.0
3716_28,4.0
3881_95,4.0
4807_1,4.0
4590_3,4.0
657_48,4.0
2036_10,4.0
2_53,4.0
1314_25,4.0
4225_26,4.0
2131_18,4.0
1217_92,4.0
592_40,4.0
1786_20,4.0
2947_52,4.0
3649_95,4.0
1830_26,4.0
2344_18,4.0
1223_28,4.0
3141_39,4.0
513_97,4.0
2755_3,4.0
2144_78,4.0
4210_24,4.0
943_95,4.0
3095_44,4.0
4014_48,4.0
1498_88,4.0
78_61,4.0
1913_74,4.0
2551_65,4.0
8_2,4.0
214_70,4.0
1568_39,4.0
1672_96,4.0
2084_77,4.0
4178_48,4.0
1707_90,4.0
2579_19,4.0
3395_53,4.0
4372_35,4.0
1741_88,4.0
2028_37,4.0
3148_68,4.0
2292_83,4.0
594_75,4.0
1870_94,4.0
2088_24,4.0
3282_4,4.0
725_6,4.0
4462_49,4.0
3319_71,4.0
210_85,4.0
746_65,4.0
2539_81,4.0
3883_5,4.0
3869_70,4.0
856_58,4.0
1150_10,4.0
3550_61,4.0
2493_86,4.0
2902_25,4.0
1053_50,4.0
4286_65,4.0
306_35,4.0
4621_55,4.0
424_27,4.0
4873_47,4.0
2479_43,4.0
1923_54,4.0
1536_59,4.0
144_94,4.0
157_33,4.0
3872_88,4.0
1446_21,4.0
530_22,4.0
1784_16,4.0
3501_37,4.0
4239_3,4.0
708_28,4.0
1962_59,4.0
3260_96,4.0
1004_26,4.0
4815_55,4.0
1546_80,4.0
49_99,4.0
4512_17,4.0
2855_47,4.0
3716_83,4.0
4010_35,4.0
916_34,4.0
1807_13,4.0
3491_86,4.0
3188_48,4.0
1668_83,4.0
3861_33,4.0
2364_52,4.0
1027_23,4.0
3938_24,4.0
1004_39,4.0
2695_7,4.0
3371_61,4.0
518_38,4.0
2116_71,4.0
2665_20,4.0
1943_35,4.0
3118_2,4.0
1646_14,4.0
2422_6,4.0
168_9,4.0
2616_20,4.0
1917_19,4.0
4594_18,4.0
402_68,4.0
2716_79,4.0
2614_68,4.0
2192_79,4.0
1276_43,4.0
4729_98,4.0
2112_86,4.0
554_58,4.0
4818_32,4.0
2935_15,4.0
1979_92,4.0
4915_86,4.0
3390_6,4.0
2393_82,4.0
871_7,4.0
130_9,4.0
2523_47,4.0
2086_46,4.0
1287_70,4.0
3064_78,4.0
4593_48,4.0
3693_20,4.0
3971_1,4.0
4452_45,4.0
3277_78,4.0
734_15,4.0
2492_37,4.0
3388_94,4.0
1872_63,4.0
4142_4,4.0
3464_89,4.0
3027_88,4.0
1249_57,4.0
3899_17,4.0
4438_2,4.0
926_77,4.0
861_96,4.0
3753_84,4.0
4609_5,4.0
2249_63,4.0
4544_61,4.0
1511_70,4.0
4320_23,4.0
2226_52,4.0
3662_23,4.0
2005_53,4.0
2781_45,4.0
1779_6,4.0
3339_43,4.0
3792_25,4.0
564_88,4.0
25_39,4.0
118_1,4.0
2432_12,4.0
1808_10,4.0
1753_74,4.0
2605_61,4.0
2384_62,4.0
2167_64,4.0
1896_15,4.0
1538_41,4.0
3417_60,4.0
2517_69,4.0
1533_84,4.0
2708_14,4.0
1357_87,4.0
2628_21,4.0
3822_1,4.0
1149_94,4.0
3317_14,4.0
1528_90,4.0
628_62,4.0
149_64,4.0
2162_83,4.0
598_75,4.0
2313_23,4.0
2139_99,4.0
1294_44,4.0
2472_16,4.0
3506_7,4.0
1947_50,4.0
4999_27,4.0
852_49,4.0
2965_70,4.0
4200_51,4.0
4580_43,4.0
3083_25,4.0
2620_35,4.0
3578_4,4.0
3115_14,4.0
503_80,4.0
2798_78,4.0
1461_49,4.0
225_72,4.0
982_51,4.0
1116_14,4.0
4894_95,4.0
3777_69,4.0
3534_82,4.0
2848_20,4.0
4524_3,4.0
3068_23,4.0
1934_94,4.0
2870_38,4.0
850_16,4.0
1574_47,4.0
1708_47,4.0
3686_72,4.0
3980_61,4.0
2946_33,4.0
3658_10,4.0
1261_1,4.0
2904_36,4.0
232_88,4.0
1264_6,4.0
2485_89,4.0
206_35,4.0
1620_55,4.0
2217_45,4.0
819_6,4.0
2890_30,4.0
3237_74,4.0
3751_29,4.0
652_14,4.0
3533_72,4.0
1573_64,4.0
1541_4,4.0
863_89,4.0
3419_91,4.0
1182_71,4.0
1853_10,4.0
1374_12,4.0
4923_4,4.0
4868_68,4.0
3429_28,4.0
3489_42,4.0
4148_92,4.0
1930_85,4.0
3963_83,4.0
4403_89,4.0
4122_76,4.0
3308_88,4.0
4736_6,4.0
3521_88,4.0
4469_12,4.0
4567_89,4.0
3211_47,4.0
1117_39,4.0
2445_19,4.0
3504_40,4.0
4717_33,4.0
1107_31,4.0
2648_55,4.0
1927_29,4.0
2042_16,4.0
4397_28,4.0
1866_19,4.0
2743_63,4.0
1788_99,4.0
2935_4,4.0
3100_71,4.0
1006_100,4.0
3997_30,4.0
119_11,4.0
3731_59,4.0
1711_37,4.0
1114_47,4.0
4226_38,4.0
57_72,4.0
3177_8,4.0
3502_64,4.0
1178_45,4.0
4927_98,4.0
4531_98,4.0
4806_37,4.0
4228_60,4.0
3925_59,4.0
3960_16,4.0
3596_5,4.0
3260_19,4.0
4077_12,4.0
1785_56,4.0
1063_71,4.0
1264_61,4.0
4973_42,4.0
1692_13,4.0
4114_52,4.0
3568_27,4.0
3131_26,4.0
1694_59,4.0
775_18,4.0
2955_29,4.0
2191_47,4.0
1250_18,4.0
1291_56,4.0
2309_39,4.0
3247_93,4.0
1208_21,4.0
1645_59,4.0
2529_42,4.0
863_23,4.0
4204_66,4.0
1446_78,4.0
3061_88,4.0
3878_81,4.0
543_18,4.0
4695_74,4.0
2802_93,4.0
4376_65,4.0
382_100,4.0
4567_10,4.0
3267_48,4.0
1259_80,4.0
3968_95,4.0
1115_72,4.0
872_85,4.0
3805_74,4.0
3406_99,4.0
4278_28,4.0
2008_60,4.0
1182_18,4.0
226_95,4.0
2084_55,4.0
2158_4,4.0
2218_55,4.0
261_52,4.0
3516_92,4.0
481_55,4.0
2413_1,4.0
4122_23,4.0
4141_36,4.0
1788_33,4.0
2665_77,4.0
3498_51,4.0
3060_54,4.0
1876_38,4.0
1699_82,4.0
4509_31,4.0
1515_32,4.0
496_53,4.0
2452_90,4.0
2241_28,4.0
2643_8,4.0
191_63,4.0
1866_87,4.0
168_79,4.0
3513_12,4.0
404_63,4.0
2236_34,4.0
1377_44,4.0
1933_33,4.0
174_15,4.0
857_8,4.0
3011_67,4.0
2574_29,4.0
278_72,4.0
2564_21,4.0
2168_21,4.0
3990_58,4.0
2506_16,4.0
1666_39,4.0
4117_55,4.0
3399_4,4.0
264_29,4.0
1148_49,4.0
4895_56,4.0
762_13,4.0
3439_76,4.0
582_82,4.0
4575_51,4.0
1495_49,4.0
2812_99,4.0
1590_57,4.0
220_80,4.0
491_85,4.0
4864_46,4.0
4244_72,4.0
56_93,4.0
823_6,4.0
162_31,4.0
2256_2,4.0
4260_53,4.0
4774_8,4.0
3161_81,4.0
1652_9,4.0
2772_40,4.0
623_96,4.0
1393_14,4.0
553_37,4.0
754_27,4.0
437_91,4.0
4871_62,4.0
3408_79,4.0
3367_41,4.0
3806_88,4.0
27_48,4.0
2501_48,4.0
1964_72,4.0
1119_17,4.0
4527_6,4.0
4169_32,4.0
2749_5,4.0
76_61,4.0
1388_33,4.0
3523_42,4.0
2702_51,4.0
723_30,4.0
2762_65,4.0
2558_6,4.0
2076_3,4.0
1300_41,4.0
1753_23,4.0
4689_17,4.0
1336_85,4.0
1211_90,4.0
4897_87,4.0
827_100,4.0
598_11,4.0
2912_22,4.0
300_61,4.0
3701_10,4.0
4996_42,4.0
2382_35,4.0
3314_15,4.0
2997_79,4.0
2761_68,4.0
3217_82,4.0
4175_51,4.0
4791_54,4.0
382_76,4.0
4311_60,4.0
679_70,4.0
1470_47,4.0
2108_38,4.0
4674_4,4.0
3342_90,4.0
3161_15,4.0
1650_99,4.0
1682_51,4.0
144_32,4.0
4929_1,4.0
1902_54,4.0
3096_34,4.0
498_35,4.0
3057_79,4.0
1036_61,4.0
4880_1,4.0
1872_67,4.0
4883_6,4.0
988_20,4.0
611_33,4.0
1140_10,4.0
1057_12,4.0
3223_88,4.0
3811_29,4.0
1633_64,4.0
4685_4,4.0
2348_9,4.0
569_49,4.0
2908_53,4.0
4639_9,4.0
1906_14,4.0
166_46,4.0
2640_9,4.0
4472_17,4.0
2732_12,4.0
4493_76,4.0
2715_45,4.0
1614_27,4.0
1418_88,4.0
3627_46,4.0
3391_35,4.0
3065_50,4.0
2091_73,4.0
2963_2,4.0
3840_46,4.0
4657_39,4.0
2167_68,4.0
3201_59,4.0
3798_49,4.0
3395_46,4.0
404_52,4.0
1836_89,4.0
3030_69,4.0
1096_50,4.0
3305_8,4.0
3601_6,4.0
4124_47,4.0
607_7,4.0
4485_26,4.0
2123_38,4.0
3463_72,4.0
494_66,4.0
3185_64,4.0
3204_77,4.0
4800_37,4.0
4994_88,4.0
3858_49,4.0
1639_46,4.0
4591_48,4.0
1673_44,4.0
2793_75,4.0
1998_100,4.0
3103_8,4.0
2685_20,4.0
4357_2,4.0
3502_13,4.0
4085_68,4.0
669_80,4.0
3302_73,4.0
4929_56,4.0
259_74,4.0
2909_34,4.0
975_15,4.0
993_69,4.0
690_31,4.0
1969_55,4.0
3450_65,4.0
530_15,4.0
4778_45,4.0
1828_52,4.0
4653_13,4.0
4320_69,4.0
2647_91,4.0
4750_67,4.0
4910_56,4.0
1511_8,4.0
1851_76,4.0
2735_96,4.0
976_78,4.0
1573_68,4.0
1388_22,4.0
4183_77,4.0
2048_68,4.0
1987_58,4.0
3241_89,4.0
2240_9,4.0
911_70,4.0
2022_15,4.0
3595_28,4.0
2012_7,4.0
3151_51,4.0
721_94,4.0
936_19,4.0
4169_34,4.0
1813_63,4.0
3153_97,4.0
4608_81,4.0
1573_81,4.0
2225_7,4.0
1691_73,4.0
3845_95,4.0
3523_44,4.0
4046_85,4.0
1911_76,4.0
2387_5,4.0
1690_77,4.0
4104_26,4.0
430_39,4.0
1186_22,4.0
84_45,4.0
2223_18,4.0
626_99,4.0
2302_82,4.0
2998_51,4.0
4118_82,4.0
4312_96,4.0
821_45,4.0
2056_26,4.0
996_46,4.0
297_45,4.0
1596_41,4.0
520_53,4.0
2176_64,4.0
4982_12,4.0
4509_88,4.0
4698_24,4.0
3884_36,4.0
4582_41,4.0
4860_22,4.0
1706_34,4.0
24_7,4.0
1718_44,4.0
4756_86,4.0
3097_6,4.0
4196_99,4.0
2773_67,4.0
2415_93,4.0
3152_63,4.0
554_64,4.0
2784_81,4.0
2622_19,4.0
4096_53,4.0
2148_99,4.0
2497_24,4.0
926_57,4.0
3658_56,4.0
3355_18,4.0
676_67,4.0
280_67,4.0
678_76,4.0
1770_45,4.0
947_8,4.0
2631_81,4.0
1032_52,4.0
4246_54,4.0
2465_48,4.0
3585_79,4.0
1188_70,4.0
2467_94,4.0
4079_62,4.0
3735_23,4.0
4855_54,4.0
4535_49,4.0
3790_80,4.0
14_45,4.0
1661_7,4.0
548_100,4.0
721_28,4.0
1101_20,4.0
2529_59,4.0
2644_46,4.0
4301_16,4.0
2864_49,4.0
1747_23,4.0
1025_38,4.0
3220_98,4.0
3121_55,4.0
2840_42,4.0
4433_27,4.0
3114_52,4.0
2928_47,4.0
1098_85,4.0
4083_35,4.0
4101_89,4.0
1267_42,4.0
3016_15,4.0
2524_78,4.0
4809_31,4.0
3312_50,4.0
4358_95,4.0
2759_66,4.0
2415_27,4.0
4249_44,4.0
4964_26,4.0
2269_94,4.0
1570_93,4.0
3488_67,4.0
2326_76,4.0
2486_28,4.0
2620_28,4.0
89_19,4.0
1940_40,4.0
3494_3,4.0
3015_5,4.0
1_91,4.0
4971_42,4.0
3911_62,4.0
4508_52,4.0
4272_41,4.0
3850_52,4.0
2238_84,4.0
4189_43,4.0
198_83,4.0
3728_62,4.0
4462_57,4.0
1449_45,4.0
3488_80,4.0
4644_34,4.0
348_27,4.0
4800_52,4.0
264_33,4.0
1962_41,4.0
3753_11,4.0
3219_77,4.0
4298_70,4.0
877_4,4.0
2363_92,4.0
21_19,4.0
4556_42,4.0
2194_54,4.0
3851_24,4.0
2596_34,4.0
1715_56,4.0
680_69,4.0
3751_22,4.0
74_30,4.0
3399_21,4.0
3459_35,4.0
2526_96,4.0
2705_98,4.0
14_100,4.0
1161_5,4.0
3475_16,4.0
3422_89,4.0
2436_58,4.0
2439_100,4.0
1759_75,4.0
4248_87,4.0
275_33,4.0
335_47,4.0
1133_27,4.0
3431_30,4.0
2131_68,4.0
3385_99,4.0
1128_70,4.0
4796_13,4.0
3419_97,4.0
3891_28,4.0
3514_41,4.0
1295_75,4.0
455_98,4.0
1272_91,4.0
1408_100,4.0
1320_24,4.0
4358_29,4.0
1584_33,4.0
818_42,4.0
2634_5,4.0
4934_81,4.0
31_12,4.0
2708_75,4.0
3666_44,4.0
3583_46,4.0
1852_90,4.0
404_1,4.0
2340_29,4.0
3116_21,4.0
540_10,4.0
223_74,4.0
2259_77,4.0
1158_59,4.0
280_56,4.0
3057_57,4.0
373_18,4.0
2869_6,4.0
216_71,4.0
2354_85,4.0
3372_68,4.0
2673_67,4.0
630_61,4.0
968_56,4.0
1000_8,4.0
342_8,4.0
4813_46,4.0
1062_68,4.0
4376_45,4.0
4910_100,4.0
1247_6,4.0
2909_91,4.0
3867_60,4.0
336_85,4.0
1585_1,4.0
3480_28,4.0
4278_8,4.0
1960_63,4.0
939_11,4.0
460_13,4.0
4197_56,4.0
3600_66,4.0
625_80,4.0
1934_47,4.0
2818_30,4.0
4526_2,4.0
835_75,4.0
3510_28,4.0
315_39,4.0
3133_41,4.0
1655_73,4.0
